"","V20","EduGroup","RiskGroup","sum_Employment"
"1",11,0,"2",130968.36
"2",11,1,"2",444776.482
"3",11,1,"3",244.039
"4",11,2,"2",233217.677
"5",11,3,"2",281316.622
"6",11,3,"3",320.083
"7",11,4,"2",38741.11
"8",11,5,"2",58692.2
"9",11,5,"3",230.433
"10",11,6,"2",6588.708
"11",11,7,"2",1065.344
"12",12,0,"2",1638.237
"13",12,1,"2",13316.689
"14",12,1,"3",41.997
"15",12,2,"2",14346.853
"16",12,2,"3",93.231
"17",12,3,"1",240.568
"18",12,3,"2",29448.835
"19",12,3,"3",566.093
"20",12,4,"2",6117.953
"21",12,4,"3",352.54
"22",12,5,"1",87.919
"23",12,5,"2",11272.061
"24",12,5,"3",556.998
"25",12,6,"2",1076.421
"26",12,7,"2",201.891
"27",13,1,"2",9.463
"28",13,2,"2",56.032
"29",13,3,"2",140.567
"30",13,4,"2",62.189
"31",14,1,"2",356.613
"32",14,2,"2",757.72
"33",14,3,"1",95.56
"34",14,3,"2",1024.308
"35",14,3,"3",202.894
"36",14,4,"1",59.662
"37",14,4,"2",508.421
"38",14,4,"3",191.433
"39",14,5,"1",699.284
"40",14,5,"2",1036.242
"41",14,5,"3",1385.787
"42",14,6,"1",276.73
"43",20,0,"2",768.397
"44",20,1,"2",3101.356
"45",20,2,"2",2557.159
"46",20,2,"3",64.808
"47",20,3,"1",143.009
"48",20,3,"2",4298.253
"49",20,3,"3",161.418
"50",20,4,"1",58.674
"51",20,4,"2",800.881
"52",20,4,"3",107.895
"53",20,5,"1",218.387
"54",20,5,"2",1668.598
"55",20,5,"3",806.438
"56",20,6,"1",20.313
"57",20,6,"2",67.039
"58",20,7,"1",35.384
"59",20,7,"2",43.516
"60",31,0,"2",509.607
"61",31,0,"3",1041.706
"62",31,1,"1",118.841
"63",31,1,"2",1577.839
"64",31,1,"3",10030.234
"65",31,2,"1",267.671
"66",31,2,"2",1233.026
"67",31,2,"3",9028.428
"68",31,3,"1",902.945
"69",31,3,"2",1848.207
"70",31,3,"3",10803.575
"71",31,4,"1",66.523
"72",31,4,"2",101.108
"73",31,4,"3",1042.455
"74",31,5,"2",57.005
"75",31,5,"3",1392.845
"76",32,0,"2",314.706
"77",32,0,"3",222.294
"78",32,1,"2",1380.178
"79",32,1,"3",2511.529
"80",32,2,"2",968.811
"81",32,2,"3",2132.927
"82",32,3,"1",18.353
"83",32,3,"2",817.477
"84",32,3,"3",5954.752
"85",32,4,"2",76.93
"86",32,4,"3",1082.44
"87",32,5,"2",199.376
"88",32,5,"3",2325.341
"89",32,6,"3",61.268
"90",51,1,"2",207.481
"91",51,2,"1",55.052
"92",51,2,"2",775.689
"93",51,2,"3",19.834
"94",51,3,"1",238.027
"95",51,3,"2",3470.213
"96",51,3,"3",615.062
"97",51,4,"1",65.358
"98",51,4,"2",324.778
"99",51,4,"3",74.185
"100",51,5,"2",213.466
"101",51,5,"3",19.664
"102",52,4,"1",395.526
"103",52,5,"3",1
"104",61,1,"2",37.161
"105",61,1,"3",26.457
"106",61,2,"2",82.005
"107",61,3,"2",72.746
"108",61,3,"3",87.284
"109",62,1,"2",54.576
"110",62,2,"2",353.388
"111",62,3,"2",172.752
"112",62,4,"2",28.685
"113",71,0,"2",163.403
"114",71,1,"2",1564.641
"115",71,1,"3",31.238
"116",71,2,"2",1621.303
"117",71,2,"3",79.165
"118",71,3,"1",1
"119",71,3,"2",3247.96
"120",71,3,"3",1478.632
"121",71,4,"2",947.519
"122",71,4,"3",478.659
"123",71,5,"1",619.445
"124",71,5,"2",542.95
"125",71,5,"3",718.38
"126",71,6,"1",591.194
"127",71,6,"2",1
"128",71,6,"3",109.705
"129",72,0,"2",29.146
"130",72,1,"2",239.316
"131",72,2,"2",257.323
"132",72,3,"2",227.068
"133",72,4,"2",50.083
"134",72,5,"2",33.027
"135",72,5,"3",23.788
"136",80,2,"2",75.036
"137",80,5,"2",153.537
"138",80,6,"1",93.898
"139",80,6,"3",345.14
"140",101,0,"2",466.693
"141",101,0,"3",44.524
"142",101,1,"2",4414.942
"143",101,1,"3",469.82
"144",101,2,"2",8944.674
"145",101,2,"3",792.347
"146",101,3,"1",1024.668
"147",101,3,"2",21504.58
"148",101,3,"3",5282.805
"149",101,4,"1",107.993
"150",101,4,"2",3033.835
"151",101,4,"3",1703.689
"152",101,5,"1",840.705
"153",101,5,"2",4476.924
"154",101,5,"3",3305.492
"155",101,6,"2",52.657
"156",101,6,"3",198.762
"157",102,0,"2",2184.117
"158",102,0,"3",73.302
"159",102,1,"2",7488.902
"160",102,1,"3",139.785
"161",102,2,"1",45.047
"162",102,2,"2",8017.961
"163",102,2,"3",629.99
"164",102,3,"2",15276.065
"165",102,3,"3",2913.917
"166",102,4,"2",1962.062
"167",102,4,"3",1918.862
"168",102,5,"1",469.303
"169",102,5,"2",2789.59
"170",102,5,"3",2195.309
"171",102,6,"1",46.91
"172",102,6,"2",35.087
"173",103,0,"2",729.703
"174",103,1,"2",2256.58
"175",103,1,"3",217.204
"176",103,2,"2",3375.169
"177",103,2,"3",204.663
"178",103,3,"1",127.969
"179",103,3,"2",9570.596
"180",103,3,"3",2547.944
"181",103,4,"1",48.418
"182",103,4,"2",1064.366
"183",103,4,"3",1022.752
"184",103,5,"1",419.683
"185",103,5,"2",1449.647
"186",103,5,"3",1961.717
"187",103,6,"2",288.6
"188",103,6,"3",203.069
"189",104,0,"2",147.265
"190",104,1,"2",852.273
"191",104,1,"3",115.615
"192",104,2,"2",1166.539
"193",104,2,"3",14.122
"194",104,3,"2",3460.326
"195",104,3,"3",255.616
"196",104,4,"2",368.144
"197",104,4,"3",362.789
"198",104,5,"1",103.509
"199",104,5,"2",401.628
"200",104,5,"3",396.473
"201",105,0,"2",120.238
"202",105,1,"2",567.115
"203",105,2,"2",886.042
"204",105,2,"3",218.148
"205",105,3,"1",154.578
"206",105,3,"2",3462.713
"207",105,3,"3",1400.088
"208",105,4,"1",273.107
"209",105,4,"2",1531.6
"210",105,4,"3",374.798
"211",105,5,"1",456.933
"212",105,5,"2",1750.07
"213",105,5,"3",2547.373
"214",105,6,"3",158.188
"215",106,0,"2",263.543
"216",106,0,"3",40.937
"217",106,1,"2",2469.247
"218",106,1,"3",185.788
"219",106,2,"2",3129.516
"220",106,2,"3",523.471
"221",106,3,"2",8984.988
"222",106,3,"3",1258.987
"223",106,4,"2",1787.653
"224",106,4,"3",1154.601
"225",106,5,"1",209.284
"226",106,5,"2",2563.966
"227",106,5,"3",1745.239
"228",106,6,"2",22
"229",106,6,"3",170.537
"230",107,0,"2",2282.725
"231",107,0,"3",150.188
"232",107,1,"2",11940.748
"233",107,1,"3",1367.608
"234",107,2,"2",22066.443
"235",107,2,"3",3000.918
"236",107,3,"1",382.527
"237",107,3,"2",70697.737
"238",107,3,"3",16481.846
"239",107,4,"1",1033.329
"240",107,4,"2",16418.908
"241",107,4,"3",7553.485
"242",107,5,"1",4173.174
"243",107,5,"2",16749.899
"244",107,5,"3",16611.287
"245",107,6,"1",1308.636
"246",107,6,"2",492.674
"247",107,6,"3",1330.852
"248",107,7,"1",636.996
"249",107,7,"2",161.463
"250",108,1,"2",414.56
"251",108,2,"2",696.821
"252",108,3,"1",53.73
"253",108,3,"2",2536.833
"254",108,3,"3",761.875
"255",108,4,"2",886.309
"256",108,4,"3",1098.387
"257",108,5,"2",1119.682
"258",108,5,"3",1581.413
"259",111,1,"2",537.707
"260",111,2,"2",635.894
"261",111,2,"3",94.634
"262",111,3,"2",2533.147
"263",111,3,"3",618.161
"264",111,4,"2",1082.491
"265",111,4,"3",656.835
"266",111,5,"1",484.765
"267",111,5,"2",2307.566
"268",111,5,"3",1778.343
"269",111,6,"1",676.979
"270",111,6,"2",507.962
"271",111,6,"3",99.432
"272",111,7,"2",81.648
"273",111,7,"3",105.776
"274",112,1,"2",197.038
"275",112,2,"2",316.906
"276",112,3,"2",3670.347
"277",112,3,"3",953.232
"278",112,4,"2",421.494
"279",112,4,"3",460.225
"280",112,5,"2",628.473
"281",112,5,"3",1865.204
"282",112,6,"2",91.908
"283",112,6,"3",175.132
"284",120,1,"2",58.566
"285",120,3,"2",451.469
"286",120,4,"2",727.108
"287",120,4,"3",182.234
"288",120,5,"2",634.113
"289",120,5,"3",360.441
"290",131,0,"3",47.615
"291",131,1,"2",253.837
"292",131,1,"3",501.365
"293",131,2,"2",881.546
"294",131,2,"3",1183.64
"295",131,3,"1",146.725
"296",131,3,"2",1234.73
"297",131,3,"3",6900.393
"298",131,4,"1",45.703
"299",131,4,"2",194.036
"300",131,4,"3",1135.104
"301",131,5,"1",50.705
"302",131,5,"2",283.32
"303",131,5,"3",1181.829
"304",131,6,"3",39.751
"305",132,0,"2",87.975
"306",132,1,"2",2756.349
"307",132,1,"3",2077.435
"308",132,2,"2",6678.066
"309",132,2,"3",4016.806
"310",132,3,"1",226.188
"311",132,3,"2",17232.906
"312",132,3,"3",13311.018
"313",132,4,"2",1901.842
"314",132,4,"3",3861.318
"315",132,5,"1",1613.399
"316",132,5,"2",3208.631
"317",132,5,"3",7457.782
"318",132,6,"2",37.025
"319",132,6,"3",770.755
"320",133,1,"2",463.588
"321",133,1,"3",370.663
"322",133,2,"3",397.33
"323",133,3,"2",212.621
"324",133,3,"3",1564.351
"325",133,4,"2",46.516
"326",133,4,"3",541.452
"327",133,5,"2",305.031
"328",133,5,"3",266.889
"329",134,1,"2",425.332
"330",134,1,"3",590.582
"331",134,2,"2",842.702
"332",134,2,"3",2707.061
"333",134,3,"1",244.333
"334",134,3,"2",4244.375
"335",134,3,"3",14184.313
"336",134,4,"1",226.757
"337",134,4,"2",492.235
"338",134,4,"3",3596.943
"339",134,5,"1",978.005
"340",134,5,"2",1123.777
"341",134,5,"3",2817.642
"342",139,0,"2",604.734
"343",139,1,"1",155.24
"344",139,1,"2",1312.682
"345",139,1,"3",586.163
"346",139,2,"2",3472.252
"347",139,2,"3",2743.81
"348",139,3,"2",3986.491
"349",139,3,"3",6696.093
"350",139,4,"2",539.204
"351",139,4,"3",1301.935
"352",139,5,"1",377.852
"353",139,5,"2",1519.792
"354",139,5,"3",3307.907
"355",139,6,"2",188.88
"356",141,0,"2",352.218
"357",141,1,"2",16346.154
"358",141,1,"3",1693.543
"359",141,2,"1",84.011
"360",141,2,"2",36041.923
"361",141,2,"3",2739.194
"362",141,3,"1",1239.937
"363",141,3,"2",68786.89
"364",141,3,"3",15773.109
"365",141,4,"1",7099.949
"366",141,4,"2",4866.729
"367",141,4,"3",5113.161
"368",141,5,"1",9916.12
"369",141,5,"2",6456.362
"370",141,5,"3",9530.424
"371",141,6,"1",323.553
"372",141,6,"3",756.355
"373",142,1,"2",204.75
"374",142,3,"2",656.724
"375",142,3,"3",619.065
"376",142,4,"2",349.856
"377",142,4,"3",237.701
"378",142,5,"1",212.981
"379",142,5,"3",658.869
"380",143,1,"2",510.528
"381",143,1,"3",673.709
"382",143,2,"2",1514.061
"383",143,2,"3",431.061
"384",143,3,"1",238.549
"385",143,3,"2",1791.945
"386",143,3,"3",1820.597
"387",143,4,"2",476.582
"388",143,4,"3",673.653
"389",143,5,"1",94.491
"390",144,0,"2",320.316
"391",144,1,"2",2352.626
"392",144,2,"2",3985.549
"393",144,2,"3",1572.181
"394",144,3,"1",298.54
"395",144,3,"2",7982.8
"396",144,3,"3",2751.637
"397",144,4,"2",353.72
"398",144,4,"3",690.221
"399",144,5,"2",822.827
"400",144,5,"3",571.421
"401",151,0,"2",218.971
"402",151,1,"2",726.059
"403",151,1,"3",439.287
"404",151,2,"1",60.4
"405",151,2,"2",6010.887
"406",151,2,"3",638.632
"407",151,3,"2",8069.569
"408",151,3,"3",3651.011
"409",151,4,"1",699.236
"410",151,4,"2",1351.531
"411",151,4,"3",735.462
"412",151,5,"1",749.948
"413",151,5,"2",1911.044
"414",151,5,"3",897.556
"415",152,0,"2",193.219
"416",152,1,"2",3235.138
"417",152,1,"3",887.412
"418",152,2,"2",3498.428
"419",152,2,"3",1509.568
"420",152,3,"1",474.375
"421",152,3,"2",9181.49
"422",152,3,"3",3287.776
"423",152,4,"1",986.65
"424",152,4,"2",681.457
"425",152,4,"3",944.058
"426",152,5,"1",1638.144
"427",152,5,"2",630.677
"428",152,5,"3",2752.565
"429",152,6,"3",374.163
"430",161,0,"2",162.755
"431",161,0,"3",251.969
"432",161,1,"2",255.9
"433",161,1,"3",717.744
"434",161,2,"2",285.968
"435",161,2,"3",959.465
"436",161,3,"1",97.911
"437",161,3,"2",314.862
"438",161,3,"3",3728.344
"439",161,4,"2",248.974
"440",161,4,"3",469.949
"441",161,5,"2",253.193
"442",161,5,"3",778.859
"443",161,6,"2",461.816
"444",161,6,"3",134.052
"445",162,0,"3",36.382
"446",162,1,"2",833.303
"447",162,1,"3",987.344
"448",162,2,"2",2220.1
"449",162,2,"3",2436.377
"450",162,3,"1",183.153
"451",162,3,"2",4649.462
"452",162,3,"3",9793.361
"453",162,4,"1",585.98
"454",162,4,"2",466.488
"455",162,4,"3",1933.805
"456",162,5,"1",340.159
"457",162,5,"2",1409.368
"458",162,5,"3",3216.197
"459",162,6,"2",376.42
"460",162,6,"3",193.065
"461",163,1,"2",18.02
"462",163,2,"2",17.863
"463",163,3,"2",20.673
"464",163,4,"3",306.033
"465",163,5,"2",111.897
"466",163,5,"3",202.47
"467",171,0,"2",40.369
"468",171,1,"1",149.523
"469",171,1,"2",572.805
"470",171,1,"3",833.527
"471",171,2,"2",1086.553
"472",171,2,"3",541.943
"473",171,3,"2",2934.258
"474",171,3,"3",10439.617
"475",171,4,"1",186.41
"476",171,4,"2",268.05
"477",171,4,"3",1701.332
"478",171,5,"1",235.12
"479",171,5,"2",350.152
"480",171,5,"3",4669.551
"481",171,6,"1",194.925
"482",171,6,"2",26.993
"483",171,6,"3",368.994
"484",171,7,"3",135.454
"485",172,0,"2",42.045
"486",172,1,"2",1536.022
"487",172,1,"3",1057.15
"488",172,2,"2",1923.63
"489",172,2,"3",2296.35
"490",172,3,"1",72.217
"491",172,3,"2",8407.931
"492",172,3,"3",11852.676
"493",172,4,"1",205.334
"494",172,4,"2",1813.893
"495",172,4,"3",3849.875
"496",172,5,"1",920.614
"497",172,5,"2",2378.708
"498",172,5,"3",5929.664
"499",172,6,"3",65.421
"500",179,0,"2",161.973
"501",179,1,"2",154.434
"502",179,1,"3",181.328
"503",179,2,"2",1035.855
"504",179,2,"3",1236.023
"505",179,3,"2",4461.72
"506",179,3,"3",8966.578
"507",179,4,"2",427.767
"508",179,4,"3",2101.961
"509",179,5,"1",1345.513
"510",179,5,"2",581.438
"511",179,5,"3",3371.698
"512",179,7,"2",132.808
"513",181,0,"3",34.877
"514",181,1,"2",612.706
"515",181,1,"3",595.814
"516",181,2,"2",1364.427
"517",181,2,"3",4091.132
"518",181,3,"1",612.004
"519",181,3,"2",6306.13
"520",181,3,"3",30639.515
"521",181,4,"1",2105.923
"522",181,4,"2",2223.297
"523",181,4,"3",10215.712
"524",181,5,"1",2887.343
"525",181,5,"2",2207.799
"526",181,5,"3",11705.746
"527",181,6,"3",425.196
"528",182,3,"3",136.659
"529",191,1,"2",86.305
"530",191,2,"3",66.869
"531",191,3,"2",76.93
"532",191,3,"3",237.652
"533",191,4,"3",316.101
"534",191,5,"2",284.038
"535",191,6,"3",16.837
"536",192,3,"2",1328.035
"537",192,3,"3",1267.608
"538",192,4,"1",455.854
"539",192,4,"2",840.75
"540",192,4,"3",3720.742
"541",192,5,"1",1204.23
"542",192,5,"2",708.104
"543",192,5,"3",2786.19
"544",192,6,"1",470.794
"545",201,1,"2",223.381
"546",201,1,"3",135.178
"547",201,2,"2",465.919
"548",201,2,"3",409.535
"549",201,3,"1",424.491
"550",201,3,"2",3327.465
"551",201,3,"3",7252.182
"552",201,4,"1",250.263
"553",201,4,"2",1159.812
"554",201,4,"3",6613.944
"555",201,5,"1",2767.755
"556",201,5,"2",2739.78
"557",201,5,"3",7157.161
"558",201,6,"1",732.731
"559",201,6,"2",468.744
"560",201,6,"3",480.141
"561",201,7,"1",322.637
"562",202,0,"2",28.684
"563",202,1,"2",81.596
"564",202,1,"3",18.441
"565",202,2,"2",207.29
"566",202,2,"3",100.738
"567",202,3,"1",29.746
"568",202,3,"2",818.358
"569",202,3,"3",2620.256
"570",202,4,"1",77.737
"571",202,4,"2",17.902
"572",202,4,"3",306.087
"573",202,5,"1",245.154
"574",202,5,"2",69.086
"575",202,5,"3",797.689
"576",202,6,"2",124.253
"577",202,7,"3",56.374
"578",203,0,"3",152.451
"579",203,1,"2",136.255
"580",203,1,"3",142.491
"581",203,2,"2",148.058
"582",203,2,"3",1270.416
"583",203,3,"2",1596.413
"584",203,3,"3",9815.22
"585",203,4,"1",117.859
"586",203,4,"2",1178.637
"587",203,4,"3",4034.215
"588",203,5,"1",1902.521
"589",203,5,"2",1310.391
"590",203,5,"3",6122.204
"591",203,6,"1",1408.481
"592",203,6,"2",229.662
"593",203,6,"3",322.82
"594",204,0,"2",37.046
"595",204,1,"2",742.176
"596",204,1,"3",158.889
"597",204,2,"2",2108.73
"598",204,2,"3",1201.54
"599",204,3,"1",592.792
"600",204,3,"2",17900.73
"601",204,3,"3",24111.893
"602",204,4,"1",1455.819
"603",204,4,"2",2769.446
"604",204,4,"3",15082.447
"605",204,5,"1",10521.537
"606",204,5,"2",7135.283
"607",204,5,"3",23078.57
"608",204,6,"1",3187.56
"609",204,6,"2",1007.307
"610",204,6,"3",1104.82
"611",204,7,"1",449.1
"612",204,7,"3",203.745
"613",205,1,"2",30.257
"614",205,1,"3",34.38
"615",205,2,"2",325.264
"616",205,3,"1",129.08
"617",205,3,"2",1067.013
"618",205,3,"3",3092.816
"619",205,4,"3",1504.001
"620",205,5,"1",216.194
"621",205,5,"3",1820.172
"622",205,6,"1",127.975
"623",205,6,"3",119.71
"624",205,7,"1",643.67
"625",211,2,"3",141.385
"626",211,3,"3",844.637
"627",211,4,"2",31.064
"628",211,4,"3",515.25
"629",211,5,"1",362.194
"630",211,5,"3",835.833
"631",211,6,"1",686.726
"632",211,6,"2",31.854
"633",211,6,"3",86.456
"634",211,7,"3",201.37
"635",212,0,"2",47.281
"636",212,1,"2",225.317
"637",212,2,"2",184.826
"638",212,2,"3",528.755
"639",212,3,"1",191.315
"640",212,3,"2",2774.265
"641",212,3,"3",8129.289
"642",212,4,"1",363.215
"643",212,4,"2",1444.998
"644",212,4,"3",6664.203
"645",212,5,"1",4426.476
"646",212,5,"2",8029.796
"647",212,5,"3",12382.477
"648",212,6,"1",3274.016
"649",212,6,"3",1892.308
"650",212,7,"1",1362.185
"651",213,0,"2",70.804
"652",213,1,"2",291.065
"653",213,2,"2",302.001
"654",213,3,"2",900.287
"655",213,3,"3",816.049
"656",213,4,"2",475.358
"657",213,4,"3",82.646
"658",213,5,"1",158.867
"659",213,5,"2",337.062
"660",213,5,"3",889.561
"661",213,6,"1",175.066
"662",213,6,"3",227.709
"663",213,7,"1",255.533
"664",221,0,"2",130.11
"665",221,1,"2",740.074
"666",221,1,"3",875.053
"667",221,2,"2",998.87
"668",221,2,"3",2721.81
"669",221,3,"1",226.57
"670",221,3,"2",3867.213
"671",221,3,"3",17285.426
"672",221,4,"1",447.238
"673",221,4,"2",645.883
"674",221,4,"3",8307.118
"675",221,5,"1",2157.49
"676",221,5,"2",1302.655
"677",221,5,"3",9757.76
"678",221,6,"1",339.666
"679",221,6,"3",150.76
"680",222,0,"2",394.001
"681",222,1,"2",2609.513
"682",222,1,"3",4073.29
"683",222,2,"2",8297.531
"684",222,2,"3",13662.125
"685",222,3,"1",129.699
"686",222,3,"2",30482.743
"687",222,3,"3",76268.194
"688",222,4,"1",790.831
"689",222,4,"2",5211.374
"690",222,4,"3",23214.847
"691",222,5,"1",7184.391
"692",222,5,"2",6819.846
"693",222,5,"3",33004.749
"694",222,6,"1",774.114
"695",222,6,"3",2260.144
"696",231,1,"2",523.115
"697",231,1,"3",272.98
"698",231,2,"2",574.632
"699",231,2,"3",1751.502
"700",231,3,"1",41.901
"701",231,3,"2",3416.086
"702",231,3,"3",9782.626
"703",231,4,"1",262.405
"704",231,4,"2",1121.478
"705",231,4,"3",3951.289
"706",231,5,"1",1249.418
"707",231,5,"2",2282.355
"708",231,5,"3",5872.652
"709",231,6,"1",409.225
"710",231,6,"2",59.741
"711",231,6,"3",238.653
"712",231,7,"2",42.481
"713",232,1,"1",330.97
"714",232,1,"2",894.579
"715",232,1,"3",526.952
"716",232,2,"2",1115.923
"717",232,2,"3",1175.427
"718",232,3,"1",33.141
"719",232,3,"2",3683.412
"720",232,3,"3",5808.224
"721",232,4,"2",1874.927
"722",232,4,"3",1189.115
"723",232,5,"1",951.579
"724",232,5,"2",2576.634
"725",232,5,"3",2537.406
"726",232,6,"1",26.179
"727",232,6,"2",929.411
"728",232,7,"2",19.285
"729",232,7,"3",21.819
"730",233,0,"2",20.114
"731",233,1,"2",1069.76
"732",233,1,"3",604.091
"733",233,2,"2",3523.498
"734",233,2,"3",871.002
"735",233,3,"1",311.761
"736",233,3,"2",9574.466
"737",233,3,"3",8800.195
"738",233,4,"1",127.807
"739",233,4,"2",1278.396
"740",233,4,"3",5584.316
"741",233,5,"1",448.53
"742",233,5,"2",3507.933
"743",233,5,"3",7920.179
"744",233,6,"1",399.401
"745",233,6,"2",319.612
"746",233,6,"3",409.817
"747",239,0,"3",86.427
"748",239,1,"2",787.948
"749",239,1,"3",698.273
"750",239,2,"2",1186.116
"751",239,2,"3",757.061
"752",239,3,"1",96.32
"753",239,3,"2",4052.728
"754",239,3,"3",8064.852
"755",239,4,"1",215.088
"756",239,4,"2",571.727
"757",239,4,"3",2842.464
"758",239,5,"1",1284.468
"759",239,5,"2",1398.635
"760",239,5,"3",3474.033
"761",239,6,"1",241.228
"762",239,6,"3",82.884
"763",241,1,"2",830.344
"764",241,1,"3",1647.502
"765",241,2,"2",1633.866
"766",241,2,"3",2528.345
"767",241,3,"1",544.819
"768",241,3,"2",7333.019
"769",241,3,"3",32721.479
"770",241,4,"1",1182.191
"771",241,4,"2",2766.088
"772",241,4,"3",21520.488
"773",241,5,"1",3379.607
"774",241,5,"2",3598.244
"775",241,5,"3",20251.478
"776",241,6,"1",683.627
"777",241,6,"2",239.117
"778",241,6,"3",1470.17
"779",241,7,"1",49.776
"780",242,0,"2",69.759
"781",242,1,"2",244.815
"782",242,1,"3",429.787
"783",242,2,"2",806.558
"784",242,2,"3",1042.184
"785",242,3,"1",173.047
"786",242,3,"2",3024.837
"787",242,3,"3",13265.737
"788",242,4,"1",130.684
"789",242,4,"2",716.834
"790",242,4,"3",4747.811
"791",242,5,"1",1532.625
"792",242,5,"2",1097.614
"793",242,5,"3",6658.7
"794",242,6,"2",44.593
"795",243,0,"3",54.765
"796",243,1,"2",244.053
"797",243,1,"3",715.848
"798",243,2,"2",410.837
"799",243,2,"3",1589.991
"800",243,3,"1",400.539
"801",243,3,"2",2765.545
"802",243,3,"3",3800.65
"803",243,4,"1",314.467
"804",243,4,"2",521.066
"805",243,4,"3",768.237
"806",243,5,"1",816.845
"807",243,5,"2",1093.524
"808",243,5,"3",955.543
"809",243,6,"2",207.407
"810",251,1,"2",767.536
"811",251,1,"3",2192.766
"812",251,2,"2",663.57
"813",251,2,"3",8085.967
"814",251,3,"1",1646.932
"815",251,3,"2",6831.479
"816",251,3,"3",41523.451
"817",251,4,"1",1808.859
"818",251,4,"2",2388.235
"819",251,4,"3",14220.935
"820",251,5,"1",4310.303
"821",251,5,"2",2802.02
"822",251,5,"3",13426.027
"823",251,6,"1",788.584
"824",251,6,"2",293.403
"825",251,6,"3",586.759
"826",251,7,"1",100.218
"827",251,7,"3",153.442
"828",252,3,"1",40.4
"829",252,3,"2",289.768
"830",252,3,"3",1375.52
"831",252,4,"2",149.224
"832",252,4,"3",3550.256
"833",252,5,"1",1458.261
"834",252,5,"2",81.175
"835",252,5,"3",2149.308
"836",252,6,"1",331.128
"837",252,6,"3",230.152
"838",259,0,"3",784.94
"839",259,1,"2",2983.519
"840",259,1,"3",6211.082
"841",259,2,"2",7049.727
"842",259,2,"3",17358.964
"843",259,3,"1",983.625
"844",259,3,"2",23738.379
"845",259,3,"3",114625.179
"846",259,4,"1",1617.887
"847",259,4,"2",4781.406
"848",259,4,"3",36877.698
"849",259,5,"1",4433.689
"850",259,5,"2",7253.148
"851",259,5,"3",38717.264
"852",259,6,"1",895.111
"853",259,6,"2",937.193
"854",259,6,"3",1579.54
"855",259,7,"2",136.593
"856",261,1,"3",176.087
"857",261,2,"2",938.157
"858",261,2,"3",281.539
"859",261,3,"1",719.224
"860",261,3,"2",4183.619
"861",261,3,"3",24017.468
"862",261,4,"1",1901.49
"863",261,4,"2",3303.423
"864",261,4,"3",18398.953
"865",261,5,"1",18927.949
"866",261,5,"2",4445.374
"867",261,5,"3",20373.155
"868",261,6,"1",7536.461
"869",261,6,"2",332.943
"870",261,6,"3",1520.071
"871",261,7,"1",1830.076
"872",261,7,"3",157.488
"873",262,0,"3",228.66
"874",262,1,"2",339.832
"875",262,1,"3",1334.276
"876",262,2,"2",1754.396
"877",262,2,"3",3794.53
"878",262,3,"1",2517.447
"879",262,3,"2",12308.685
"880",262,3,"3",76735.721
"881",262,4,"1",3552.694
"882",262,4,"2",6393.875
"883",262,4,"3",35491.489
"884",262,5,"1",17793.506
"885",262,5,"2",7069.766
"886",262,5,"3",39263.972
"887",262,6,"1",5493.253
"888",262,6,"2",516.874
"889",262,6,"3",2535.213
"890",262,7,"1",1537.836
"891",262,7,"2",95.867
"892",262,7,"3",222.538
"893",263,1,"3",244.129
"894",263,2,"2",122.583
"895",263,3,"2",746.642
"896",263,3,"3",2290.905
"897",263,4,"1",356.136
"898",263,4,"2",314.526
"899",263,4,"3",2081.093
"900",263,5,"1",3763.273
"901",263,5,"2",1203.095
"902",263,5,"3",3137.289
"903",263,6,"1",740.662
"904",263,6,"2",240.14
"905",263,6,"3",234.511
"906",264,1,"2",189.683
"907",264,1,"3",295.186
"908",264,2,"2",1414.093
"909",264,2,"3",1489.311
"910",264,3,"1",397.317
"911",264,3,"2",6788.105
"912",264,3,"3",30782.525
"913",264,4,"1",1574.941
"914",264,4,"2",3606.772
"915",264,4,"3",11965.333
"916",264,5,"1",12356.736
"917",264,5,"2",3090.837
"918",264,5,"3",16377.69
"919",264,6,"1",3980.365
"920",264,6,"2",310.418
"921",264,6,"3",1950.268
"922",264,7,"1",565.42
"923",264,7,"3",466.188
"924",265,1,"2",587.15
"925",265,2,"2",861.565
"926",265,2,"3",1251.611
"927",265,3,"1",508.313
"928",265,3,"2",1897.09
"929",265,3,"3",9908.292
"930",265,4,"1",1302.566
"931",265,4,"2",1869.028
"932",265,4,"3",3703.238
"933",265,5,"1",5933.228
"934",265,5,"2",2010.767
"935",265,5,"3",7408.004
"936",265,6,"1",2492.132
"937",265,6,"3",450.258
"938",265,7,"1",634.408
"939",266,3,"2",139.377
"940",266,3,"3",325.639
"941",266,4,"2",237.725
"942",266,4,"3",656.369
"943",271,1,"2",692.365
"944",271,1,"3",287.419
"945",271,2,"2",851.331
"946",271,2,"3",2653.494
"947",271,3,"1",213.74
"948",271,3,"2",7497.553
"949",271,3,"3",8121.714
"950",271,4,"1",386.471
"951",271,4,"2",11986.124
"952",271,4,"3",4798.577
"953",271,5,"1",1916.561
"954",271,5,"2",8270.497
"955",271,5,"3",6438.106
"956",271,6,"1",1949.09
"957",271,6,"2",792.907
"958",271,6,"3",446.776
"959",271,7,"1",152.06
"960",272,1,"2",191.731
"961",272,1,"3",316.486
"962",272,2,"1",205.181
"963",272,2,"2",594.768
"964",272,2,"3",889.618
"965",272,3,"1",1875.812
"966",272,3,"2",2157.324
"967",272,3,"3",10391.108
"968",272,4,"1",3083.75
"969",272,4,"2",1721.787
"970",272,4,"3",5436.95
"971",272,5,"1",10035.096
"972",272,5,"2",5888.561
"973",272,5,"3",7213.513
"974",272,6,"1",1438.814
"975",272,6,"2",344.138
"976",272,6,"3",559.118
"977",272,7,"1",516.336
"978",273,1,"2",701.844
"979",273,1,"3",38.239
"980",273,2,"2",297.877
"981",273,2,"3",450.269
"982",273,3,"2",1014.565
"983",273,3,"3",7124.493
"984",273,4,"1",219.733
"985",273,4,"2",143.936
"986",273,4,"3",2867.398
"987",273,5,"1",1392.221
"988",273,5,"2",1647.035
"989",273,5,"3",4246.857
"990",273,6,"1",412.256
"991",273,6,"2",145.423
"992",273,6,"3",157.219
"993",274,2,"3",164.422
"994",274,3,"3",513.059
"995",274,5,"3",172.599
"996",281,1,"2",433.581
"997",281,1,"3",373.52
"998",281,2,"1",152.41
"999",281,2,"2",728.587
"1000",281,2,"3",2131.788
"1001",281,3,"1",2759.677
"1002",281,3,"2",6873.621
"1003",281,3,"3",32308.445
"1004",281,4,"1",5493.422
"1005",281,4,"2",1830.436
"1006",281,4,"3",11331.275
"1007",281,5,"1",13195.358
"1008",281,5,"2",4266.613
"1009",281,5,"3",16445.782
"1010",281,6,"1",2363.31
"1011",281,6,"2",740.323
"1012",281,6,"3",187.301
"1013",281,7,"1",454.529
"1014",282,2,"2",99.114
"1015",282,2,"3",342.668
"1016",282,3,"1",139.832
"1017",282,3,"2",497.215
"1018",282,3,"3",7475.399
"1019",282,4,"1",366.458
"1020",282,4,"2",800.793
"1021",282,4,"3",3758.675
"1022",282,5,"1",1498.281
"1023",282,5,"2",283.938
"1024",282,5,"3",3174.085
"1025",282,6,"1",741.949
"1026",282,6,"2",354.364
"1027",282,6,"3",196.486
"1028",282,7,"1",295.228
"1029",283,0,"2",28.757
"1030",283,1,"2",219.283
"1031",283,1,"3",222.738
"1032",283,2,"1",172.371
"1033",283,2,"2",210.039
"1034",283,2,"3",622.603
"1035",283,3,"2",1912.849
"1036",283,3,"3",12336.855
"1037",283,4,"2",1197.867
"1038",283,4,"3",4178.139
"1039",283,5,"1",602.386
"1040",283,5,"2",658.559
"1041",283,5,"3",4429.345
"1042",283,6,"1",470.082
"1043",283,6,"2",228.171
"1044",283,6,"3",157.219
"1045",283,7,"1",123.324
"1046",284,1,"3",479.804
"1047",284,2,"2",480.07
"1048",284,2,"3",1114.312
"1049",284,3,"1",593.78
"1050",284,3,"2",4673.869
"1051",284,3,"3",19890.069
"1052",284,4,"1",1683.589
"1053",284,4,"2",650.728
"1054",284,4,"3",7506.289
"1055",284,5,"1",2071.449
"1056",284,5,"2",1951.536
"1057",284,5,"3",7412.705
"1058",284,6,"1",399.323
"1059",284,6,"2",102.466
"1060",284,7,"1",182.958
"1061",285,0,"2",23.227
"1062",285,1,"2",65.554
"1063",285,1,"3",1102.507
"1064",285,2,"2",1024.845
"1065",285,2,"3",2347.189
"1066",285,3,"2",4302.554
"1067",285,3,"3",24426.415
"1068",285,4,"1",731.378
"1069",285,4,"2",533.397
"1070",285,4,"3",6683.52
"1071",285,5,"1",6526.2
"1072",285,5,"2",1010.414
"1073",285,5,"3",8169.478
"1074",285,6,"1",1453.273
"1075",285,6,"2",644.652
"1076",289,1,"3",162.698
"1077",289,2,"1",176.862
"1078",289,2,"2",368.609
"1079",289,2,"3",565.2
"1080",289,3,"1",202.856
"1081",289,3,"2",1353.994
"1082",289,3,"3",3699.545
"1083",289,4,"2",53.655
"1084",289,4,"3",1597.179
"1085",289,5,"1",780.666
"1086",289,5,"2",1062.87
"1087",289,5,"3",2711.31
"1088",291,0,"2",289.189
"1089",291,0,"3",105.426
"1090",291,1,"2",1413.106
"1091",291,1,"3",2956.649
"1092",291,2,"1",103.828
"1093",291,2,"2",3108.042
"1094",291,2,"3",7753.549
"1095",291,3,"1",1293.421
"1096",291,3,"2",17942.967
"1097",291,3,"3",67905.915
"1098",291,4,"1",4162.292
"1099",291,4,"2",7519.166
"1100",291,4,"3",26147.596
"1101",291,5,"1",12221.945
"1102",291,5,"2",10365.93
"1103",291,5,"3",35140.331
"1104",291,6,"1",2472.378
"1105",291,6,"2",676.386
"1106",291,6,"3",1851.945
"1107",291,7,"1",250.509
"1108",292,0,"2",56.185
"1109",292,0,"3",486.076
"1110",292,1,"2",906.247
"1111",292,1,"3",464.16
"1112",292,2,"2",3852.71
"1113",292,2,"3",6035.866
"1114",292,3,"1",4891.859
"1115",292,3,"2",29670.22
"1116",292,3,"3",67493.439
"1117",292,4,"1",6256.335
"1118",292,4,"2",11451.416
"1119",292,4,"3",31002.388
"1120",292,5,"1",21891.224
"1121",292,5,"2",11643.821
"1122",292,5,"3",34285.788
"1123",292,6,"1",3178.61
"1124",292,6,"2",817.018
"1125",292,6,"3",2573.349
"1126",292,7,"1",729.192
"1127",301,1,"2",205.165
"1128",301,1,"3",105.199
"1129",301,2,"2",391.574
"1130",301,2,"3",768.168
"1131",301,3,"1",273.193
"1132",301,3,"2",5538.606
"1133",301,3,"3",49578
"1134",301,4,"2",1147.132
"1135",301,4,"3",15478.009
"1136",301,5,"1",4498.987
"1137",301,5,"2",2099.602
"1138",301,5,"3",18700.627
"1139",301,6,"1",236.525
"1140",302,1,"2",32.814
"1141",302,2,"2",371.876
"1142",302,2,"3",245.735
"1143",302,3,"2",618.347
"1144",302,3,"3",3264.144
"1145",302,4,"1",250.509
"1146",302,4,"2",291.452
"1147",302,4,"3",559.379
"1148",302,5,"1",801.187
"1149",302,5,"2",278.107
"1150",302,5,"3",1648.275
"1151",302,7,"3",260.969
"1152",303,0,"2",243.979
"1153",303,1,"2",2659.348
"1154",303,1,"3",7378.681
"1155",303,2,"2",5772.541
"1156",303,2,"3",19797.176
"1157",303,3,"1",1910.01
"1158",303,3,"2",29252.293
"1159",303,3,"3",150396.209
"1160",303,4,"1",4810.325
"1161",303,4,"2",6847.009
"1162",303,4,"3",58697.277
"1163",303,5,"1",20068.67
"1164",303,5,"2",4180.653
"1165",303,5,"3",76240.602
"1166",303,6,"1",3371.35
"1167",303,6,"2",699.809
"1168",303,6,"3",1870.539
"1169",303,7,"1",555.622
"1170",303,7,"3",83.107
"1171",311,0,"2",142.167
"1172",311,0,"3",16.061
"1173",311,1,"2",688.105
"1174",311,1,"3",1705.035
"1175",311,2,"1",310.678
"1176",311,2,"2",2752.24
"1177",311,2,"3",6564.846
"1178",311,3,"1",4326.329
"1179",311,3,"2",18541.867
"1180",311,3,"3",57782.871
"1181",311,4,"1",3985.518
"1182",311,4,"2",7541.105
"1183",311,4,"3",18937.116
"1184",311,5,"1",11160.188
"1185",311,5,"2",7138.33
"1186",311,5,"3",22408.388
"1187",311,6,"1",575.605
"1188",311,6,"2",85.949
"1189",311,6,"3",595.072
"1190",311,7,"1",736.193
"1191",312,3,"2",166.002
"1192",312,3,"3",1313.075
"1193",312,4,"3",1030.974
"1194",312,5,"1",340.33
"1195",312,5,"2",17.541
"1196",312,5,"3",1386.014
"1197",312,6,"1",619.049
"1198",312,6,"3",386.586
"1199",313,2,"3",77.097
"1200",313,3,"2",456.983
"1201",313,3,"3",4016.237
"1202",313,4,"2",146.952
"1203",313,4,"3",3303.104
"1204",313,5,"1",1389.169
"1205",313,5,"2",272.099
"1206",313,5,"3",3293.949
"1207",313,6,"1",813.992
"1208",313,6,"3",49.451
"1209",313,7,"1",45.2
"1210",313,7,"2",267.349
"1211",319,3,"3",2255.367
"1212",319,4,"1",171.45
"1213",319,4,"3",269.845
"1214",319,5,"2",685.2
"1215",319,5,"3",1323.833
"1216",319,6,"3",133.806
"1217",320,0,"2",40.809
"1218",320,0,"3",187.628
"1219",320,1,"2",492.725
"1220",320,1,"3",1595.746
"1221",320,2,"2",3373.93
"1222",320,2,"3",5019.41
"1223",320,3,"1",303.712
"1224",320,3,"2",7940.15
"1225",320,3,"3",41398.759
"1226",320,4,"1",681.481
"1227",320,4,"2",1819.138
"1228",320,4,"3",10579.846
"1229",320,5,"1",1907.192
"1230",320,5,"2",3229.523
"1231",320,5,"3",14278.154
"1232",320,6,"1",241.973
"1233",320,6,"3",853.213
"1234",320,7,"3",159.314
"1235",331,1,"2",964.152
"1236",331,2,"2",801.363
"1237",331,3,"2",8135.993
"1238",331,3,"3",465.065
"1239",331,4,"1",389.183
"1240",331,4,"2",3602.181
"1241",331,4,"3",1596.51
"1242",331,5,"1",1116.339
"1243",331,5,"2",2455.825
"1244",331,5,"3",92.304
"1245",331,6,"2",493.905
"1246",331,6,"3",519.676
"1247",332,0,"2",205.332
"1248",332,1,"2",386.143
"1249",332,1,"3",70.601
"1250",332,2,"3",251.111
"1251",332,3,"2",536.401
"1252",332,3,"3",1388.577
"1253",332,4,"2",258.224
"1254",332,4,"3",491.737
"1255",332,5,"3",176.554
"1256",333,1,"2",369.807
"1257",333,1,"3",132.725
"1258",333,2,"2",11.158
"1259",333,2,"3",65.864
"1260",333,3,"2",334.316
"1261",333,3,"3",3002.383
"1262",333,4,"2",271.584
"1263",333,4,"3",1053.19
"1264",333,5,"1",189.34
"1265",333,5,"2",625.819
"1266",333,5,"3",1398.174
"1267",333,6,"3",319.867
"1268",334,2,"2",41.875
"1269",334,3,"1",131.386
"1270",334,3,"2",2016.792
"1271",334,3,"3",1360.103
"1272",334,4,"2",271.783
"1273",334,4,"3",486.013
"1274",334,5,"1",554.864
"1275",334,5,"2",506.748
"1276",334,5,"3",1171.909
"1277",339,0,"2",41.442
"1278",339,1,"2",1503.219
"1279",339,1,"3",888.675
"1280",339,2,"2",2714.027
"1281",339,2,"3",1633.649
"1282",339,3,"1",1081.264
"1283",339,3,"2",10664.116
"1284",339,3,"3",22542.196
"1285",339,4,"1",2975.53
"1286",339,4,"2",1235.689
"1287",339,4,"3",7415.065
"1288",339,5,"1",3321.478
"1289",339,5,"2",2106.744
"1290",339,5,"3",8676.018
"1291",339,6,"1",191.752
"1292",339,6,"2",654.237
"1293",339,6,"3",536.639
"1294",351,0,"2",37.398
"1295",351,1,"1",55.49
"1296",351,1,"2",64.838
"1297",351,2,"1",270.06
"1298",351,2,"2",177.929
"1299",351,2,"3",87.994
"1300",351,3,"1",1410.409
"1301",351,3,"2",3429.062
"1302",351,3,"3",3761.013
"1303",351,4,"1",2496.97
"1304",351,4,"2",2885.543
"1305",351,4,"3",1158.993
"1306",351,5,"1",11437.478
"1307",351,5,"2",8792.381
"1308",351,5,"3",9173.338
"1309",351,6,"1",2528.115
"1310",351,6,"2",151.511
"1311",351,6,"3",1028.345
"1312",351,7,"1",15.726
"1313",352,2,"2",324.951
"1314",352,3,"2",2816.626
"1315",352,3,"3",3845.877
"1316",352,4,"2",1539.141
"1317",352,4,"3",1634.601
"1318",352,5,"1",315.214
"1319",352,5,"2",1632.339
"1320",352,5,"3",4101.965
"1321",352,6,"1",94.811
"1322",352,6,"3",581.8
"1323",352,7,"1",383.893
"1324",353,3,"2",709.636
"1325",353,3,"3",64.034
"1326",353,4,"3",187.27
"1327",353,5,"1",410.014
"1328",353,5,"2",160.037
"1329",353,5,"3",737.074
"1330",353,6,"2",255.887
"1331",360,0,"2",13.895
"1332",360,1,"2",48.343
"1333",360,2,"1",47.789
"1334",360,2,"2",334.522
"1335",360,2,"3",117.23
"1336",360,3,"2",2407.189
"1337",360,3,"3",2188.005
"1338",360,4,"2",1492.134
"1339",360,4,"3",518.594
"1340",360,5,"1",961.076
"1341",360,5,"2",3669.34
"1342",360,5,"3",2091.676
"1343",360,6,"2",429.627
"1344",360,6,"3",864.888
"1345",360,7,"2",157.539
"1346",370,1,"2",381.415
"1347",370,2,"2",494.293
"1348",370,2,"3",27.444
"1349",370,3,"1",47.404
"1350",370,3,"2",5102.065
"1351",370,3,"3",1544.279
"1352",370,4,"2",3936.296
"1353",370,4,"3",702.577
"1354",370,5,"1",340.78
"1355",370,5,"2",7295.536
"1356",370,5,"3",2285.777
"1357",370,6,"2",570.61
"1358",381,0,"2",211.228
"1359",381,1,"2",2129.86
"1360",381,1,"3",106.271
"1361",381,2,"2",3296.335
"1362",381,2,"3",256.994
"1363",381,3,"1",432.512
"1364",381,3,"2",13381.275
"1365",381,3,"3",1440.601
"1366",381,4,"1",297.868
"1367",381,4,"2",1693.381
"1368",381,4,"3",1246.039
"1369",381,5,"2",3003.613
"1370",381,5,"3",2269.95
"1371",381,6,"3",108.694
"1372",382,0,"2",513.333
"1373",382,1,"2",1195.039
"1374",382,2,"2",1558
"1375",382,2,"3",49.456
"1376",382,3,"2",10182.177
"1377",382,3,"3",2926.056
"1378",382,4,"2",3187.505
"1379",382,4,"3",1039.117
"1380",382,5,"1",899.443
"1381",382,5,"2",2552.191
"1382",382,5,"3",5281.555
"1383",382,6,"2",180.443
"1384",382,6,"3",292.561
"1385",383,0,"2",150.774
"1386",383,0,"3",160.306
"1387",383,1,"2",677.574
"1388",383,1,"3",222.468
"1389",383,2,"2",930.83
"1390",383,2,"3",143.671
"1391",383,3,"1",263.84
"1392",383,3,"2",4724.812
"1393",383,3,"3",2811.749
"1394",383,4,"1",126.472
"1395",383,4,"2",230.698
"1396",383,4,"3",1548.722
"1397",383,5,"1",95.076
"1398",383,5,"2",437.412
"1399",383,5,"3",2211.621
"1400",383,6,"2",376.58
"1401",383,6,"3",92.081
"1402",390,0,"2",59.116
"1403",390,1,"2",29.747
"1404",390,2,"2",70.839
"1405",390,3,"2",398.992
"1406",390,5,"2",1007.444
"1407",390,5,"3",434.954
"1408",390,6,"2",469.693
"1409",390,6,"3",198.545
"1410",390,7,"2",198.574
"1411",411,0,"2",2844.668
"1412",411,0,"3",959.505
"1413",411,1,"1",433.588
"1414",411,1,"2",44451.453
"1415",411,1,"3",7571.768
"1416",411,2,"1",1928.597
"1417",411,2,"2",70713.875
"1418",411,2,"3",14882.737
"1419",411,3,"1",12435.999
"1420",411,3,"2",191592.833
"1421",411,3,"3",60077.695
"1422",411,4,"1",10825.387
"1423",411,4,"2",21595.648
"1424",411,4,"3",22102.528
"1425",411,5,"1",55811.349
"1426",411,5,"2",33278.082
"1427",411,5,"3",49478.772
"1428",411,6,"1",5123.829
"1429",411,6,"2",1173.954
"1430",411,6,"3",3438.429
"1431",411,7,"1",519.165
"1432",411,7,"2",607.068
"1433",411,7,"3",205.411
"1434",412,0,"2",623.698
"1435",412,1,"1",60.317
"1436",412,1,"2",5673.509
"1437",412,1,"3",620.642
"1438",412,2,"1",433.727
"1439",412,2,"2",9949.406
"1440",412,2,"3",1068.786
"1441",412,3,"1",3351
"1442",412,3,"2",32007.739
"1443",412,3,"3",15202.577
"1444",412,4,"1",11625.948
"1445",412,4,"2",6915.061
"1446",412,4,"3",10388.47
"1447",412,5,"1",44091.966
"1448",412,5,"2",14027.994
"1449",412,5,"3",29293.66
"1450",412,6,"1",3901.64
"1451",412,6,"2",658.395
"1452",412,6,"3",1708.147
"1453",412,7,"1",848.966
"1454",412,7,"2",334.281
"1455",412,7,"3",143.56
"1456",421,0,"2",799.439
"1457",421,0,"3",138.085
"1458",421,1,"2",11460.624
"1459",421,1,"3",2488.85
"1460",421,2,"1",142.348
"1461",421,2,"2",18975.496
"1462",421,2,"3",1824.854
"1463",421,3,"1",2035.598
"1464",421,3,"2",56230.359
"1465",421,3,"3",19728.09
"1466",421,4,"1",3713.948
"1467",421,4,"2",7090.659
"1468",421,4,"3",6041.531
"1469",421,5,"1",7045.34
"1470",421,5,"2",11863.749
"1471",421,5,"3",11387.383
"1472",421,6,"1",909.195
"1473",421,6,"2",151.438
"1474",421,6,"3",572.965
"1475",421,7,"3",194.471
"1476",422,0,"2",381.168
"1477",422,1,"2",4507.03
"1478",422,1,"3",628.977
"1479",422,2,"2",11914.448
"1480",422,2,"3",2789.199
"1481",422,3,"1",2636.227
"1482",422,3,"2",73994.949
"1483",422,3,"3",20259.56
"1484",422,4,"1",2548.904
"1485",422,4,"2",18100.263
"1486",422,4,"3",8903.529
"1487",422,5,"1",11085.484
"1488",422,5,"2",18548.999
"1489",422,5,"3",8857.048
"1490",422,6,"1",815.936
"1491",422,6,"2",804.768
"1492",422,6,"3",990.429
"1493",423,0,"1",47.468
"1494",423,1,"1",3072.069
"1495",423,1,"2",600.042
"1496",423,1,"3",227.641
"1497",423,2,"1",6705.494
"1498",423,2,"2",1169.213
"1499",423,2,"3",1100.017
"1500",423,3,"1",70142.082
"1501",423,3,"2",22044.165
"1502",423,3,"3",12721.998
"1503",423,4,"1",25386.491
"1504",423,4,"2",15221.682
"1505",423,4,"3",12315.138
"1506",423,5,"1",24836.13
"1507",423,5,"2",16765.519
"1508",423,5,"3",19284.073
"1509",423,6,"1",1055.19
"1510",423,6,"2",945.119
"1511",423,6,"3",635.678
"1512",423,7,"1",144.861
"1513",423,7,"2",141.703
"1514",423,7,"3",62.127
"1515",424,0,"2",438.708
"1516",424,0,"3",343.262
"1517",424,1,"2",9455.903
"1518",424,1,"3",12590.451
"1519",424,2,"1",114.211
"1520",424,2,"2",19475.023
"1521",424,2,"3",31015.666
"1522",424,3,"1",4744.526
"1523",424,3,"2",70716.462
"1524",424,3,"3",147876.701
"1525",424,4,"1",5914.362
"1526",424,4,"2",10602.876
"1527",424,4,"3",31082.226
"1528",424,5,"1",14731.872
"1529",424,5,"2",18226.361
"1530",424,5,"3",35025.635
"1531",424,6,"1",1969.02
"1532",424,6,"2",390.932
"1533",424,6,"3",1664.53
"1534",424,7,"1",232.913
"1535",424,7,"2",331.086
"1536",425,0,"2",87.181
"1537",425,1,"2",5467.321
"1538",425,2,"2",14198.413
"1539",425,2,"3",414.324
"1540",425,3,"2",101335.912
"1541",425,3,"3",2854.875
"1542",425,4,"2",13692.496
"1543",425,4,"3",2226.54
"1544",425,5,"1",228.339
"1545",425,5,"2",11756.78
"1546",425,5,"3",1438.639
"1547",425,6,"2",434.674
"1548",425,6,"3",28.327
"1549",451,0,"2",226.561
"1550",451,1,"2",848.489
"1551",451,2,"2",642.607
"1552",451,2,"3",186.219
"1553",451,3,"2",22817.122
"1554",451,3,"3",4602.038
"1555",451,4,"2",16101.714
"1556",451,4,"3",3560.203
"1557",451,5,"1",335.017
"1558",451,5,"2",31765.375
"1559",451,5,"3",6760.381
"1560",451,6,"1",620.522
"1561",451,6,"2",1342.393
"1562",451,6,"3",793.021
"1563",452,1,"2",611.404
"1564",452,1,"3",969.137
"1565",452,2,"2",807.002
"1566",452,2,"3",1395.439
"1567",452,3,"1",601.751
"1568",452,3,"2",6928.229
"1569",452,3,"3",18991.275
"1570",452,4,"1",192.654
"1571",452,4,"2",2075.232
"1572",452,4,"3",8051.76
"1573",452,5,"1",77.381
"1574",452,5,"2",7604.67
"1575",452,5,"3",13872.686
"1576",452,6,"2",579.535
"1577",452,6,"3",557.961
"1578",453,1,"2",199.095
"1579",453,1,"3",9.759
"1580",453,2,"2",271.019
"1581",453,2,"3",285.969
"1582",453,3,"2",1870.487
"1583",453,3,"3",795.241
"1584",453,4,"2",726.55
"1585",453,5,"2",702.021
"1586",453,5,"3",485.955
"1587",461,0,"2",48.415
"1588",461,1,"2",218.427
"1589",461,1,"3",598.515
"1590",461,2,"2",1064.783
"1591",461,2,"3",177.633
"1592",461,3,"1",168.097
"1593",461,3,"2",4413.407
"1594",461,3,"3",7110.674
"1595",461,4,"2",1905.813
"1596",461,4,"3",7427.39
"1597",461,5,"1",1279.432
"1598",461,5,"2",11985.238
"1599",461,5,"3",34847.497
"1600",461,6,"1",335.402
"1601",461,6,"2",1430.435
"1602",461,6,"3",2630.574
"1603",461,7,"1",245.873
"1604",461,7,"2",568.25
"1605",462,0,"2",27.005
"1606",462,0,"3",69.674
"1607",462,1,"2",371.25
"1608",462,1,"3",832.836
"1609",462,2,"2",121.699
"1610",462,2,"3",1146.112
"1611",462,3,"2",2396.495
"1612",462,3,"3",7761.34
"1613",462,4,"2",424.327
"1614",462,4,"3",3227.407
"1615",462,5,"2",3449.062
"1616",462,5,"3",7163.137
"1617",462,6,"3",176.198
"1618",463,0,"2",955.402
"1619",463,0,"3",448.612
"1620",463,1,"2",6837.899
"1621",463,1,"3",3283.668
"1622",463,2,"1",42.21
"1623",463,2,"2",8817.488
"1624",463,2,"3",10222.645
"1625",463,3,"1",290.599
"1626",463,3,"2",66492.5
"1627",463,3,"3",84381.493
"1628",463,4,"2",21752.564
"1629",463,4,"3",27738.533
"1630",463,5,"1",2795.195
"1631",463,5,"2",37233.625
"1632",463,5,"3",58952.952
"1633",463,6,"1",332.388
"1634",463,6,"2",2118.958
"1635",463,6,"3",2747.732
"1636",463,7,"3",230.744
"1637",464,0,"2",104.663
"1638",464,0,"3",129.16
"1639",464,1,"1",276.213
"1640",464,1,"2",725.45
"1641",464,1,"3",893.155
"1642",464,2,"1",174.262
"1643",464,2,"2",2117.978
"1644",464,2,"3",2377.914
"1645",464,3,"1",1193.635
"1646",464,3,"2",24094.387
"1647",464,3,"3",64894.79
"1648",464,4,"1",2845.968
"1649",464,4,"2",13975
"1650",464,4,"3",33583.119
"1651",464,5,"1",5306.261
"1652",464,5,"2",50909.918
"1653",464,5,"3",73562.584
"1654",464,6,"1",1311.2
"1655",464,6,"2",3562.568
"1656",464,6,"3",6768.057
"1657",464,7,"2",459.085
"1658",465,1,"2",445.926
"1659",465,1,"3",263.943
"1660",465,2,"2",505.749
"1661",465,2,"3",1604.573
"1662",465,3,"1",157.074
"1663",465,3,"2",19973.872
"1664",465,3,"3",27172.823
"1665",465,4,"1",1062.101
"1666",465,4,"2",19959.848
"1667",465,4,"3",18708.166
"1668",465,5,"1",5431.628
"1669",465,5,"2",53500.71
"1670",465,5,"3",44450.062
"1671",465,6,"1",1604.072
"1672",465,6,"2",4625.671
"1673",465,6,"3",3920.863
"1674",465,7,"1",424.053
"1675",465,7,"3",419.729
"1676",466,0,"3",303.304
"1677",466,1,"2",391.424
"1678",466,1,"3",882.324
"1679",466,2,"2",1145.013
"1680",466,2,"3",3356.443
"1681",466,3,"1",298.659
"1682",466,3,"2",13087.913
"1683",466,3,"3",28458.718
"1684",466,4,"1",154.793
"1685",466,4,"2",6502.486
"1686",466,4,"3",9009.817
"1687",466,5,"1",507.57
"1688",466,5,"2",10071.785
"1689",466,5,"3",25208.868
"1690",466,6,"1",733.155
"1691",466,6,"2",33.019
"1692",466,6,"3",1176.506
"1693",467,0,"2",12061.647
"1694",467,0,"3",473.469
"1695",467,1,"2",23005.108
"1696",467,1,"3",1596.721
"1697",467,2,"2",16707.583
"1698",467,2,"3",3723.953
"1699",467,3,"1",334.964
"1700",467,3,"2",37988.166
"1701",467,3,"3",35199.573
"1702",467,4,"1",629.375
"1703",467,4,"2",9571.907
"1704",467,4,"3",12604.285
"1705",467,5,"1",2175.965
"1706",467,5,"2",22592.455
"1707",467,5,"3",37577.819
"1708",467,6,"1",334.147
"1709",467,6,"2",1971.788
"1710",467,6,"3",3734.544
"1711",467,7,"2",62.533
"1712",467,7,"3",82.664
"1713",468,1,"2",307.202
"1714",468,2,"2",692.763
"1715",468,2,"3",134.9
"1716",468,3,"2",2885.721
"1717",468,3,"3",3347.197
"1718",468,4,"2",1336.804
"1719",468,4,"3",2018.848
"1720",468,5,"1",2379.891
"1721",468,5,"2",4939.305
"1722",468,5,"3",13659.05
"1723",468,6,"2",300.87
"1724",468,6,"3",960.854
"1725",471,0,"2",21.166
"1726",471,0,"3",4056.712
"1727",471,1,"2",3124.934
"1728",471,1,"3",16634.011
"1729",471,2,"2",7411.133
"1730",471,2,"3",30179.381
"1731",471,3,"1",173.755
"1732",471,3,"2",49347.672
"1733",471,3,"3",247479.657
"1734",471,4,"1",799.329
"1735",471,4,"2",14121.538
"1736",471,4,"3",80926.066
"1737",471,5,"1",1807.442
"1738",471,5,"2",15196.918
"1739",471,5,"3",145981.943
"1740",471,6,"2",249.38
"1741",471,6,"3",2148.367
"1742",471,7,"3",60.735
"1743",472,0,"2",64.826
"1744",472,0,"3",4165.658
"1745",472,1,"2",2063.364
"1746",472,1,"3",22855.462
"1747",472,2,"2",3829.827
"1748",472,2,"3",31211.595
"1749",472,3,"2",16775.524
"1750",472,3,"3",104927.89
"1751",472,4,"2",4631.43
"1752",472,4,"3",25397.204
"1753",472,5,"1",210.091
"1754",472,5,"2",4776.674
"1755",472,5,"3",33774.596
"1756",472,6,"2",281.976
"1757",472,6,"3",1998.317
"1758",472,7,"3",326.254
"1759",473,1,"2",349.69
"1760",473,1,"3",748.394
"1761",473,2,"2",101.579
"1762",473,2,"3",3585.204
"1763",473,3,"2",6868.186
"1764",473,3,"3",53059.335
"1765",473,4,"2",4955.942
"1766",473,4,"3",34760.457
"1767",473,5,"2",5571.74
"1768",473,5,"3",35023.813
"1769",473,6,"2",76.865
"1770",473,6,"3",1581.827
"1771",473,7,"3",342.138
"1772",474,0,"3",554.162
"1773",474,1,"2",274.471
"1774",474,1,"3",8848.926
"1775",474,2,"2",301.538
"1776",474,2,"3",17204.639
"1777",474,3,"1",890.148
"1778",474,3,"2",1799.895
"1779",474,3,"3",185703.399
"1780",474,4,"1",1490.479
"1781",474,4,"2",861.146
"1782",474,4,"3",61111.57
"1783",474,5,"1",2598.615
"1784",474,5,"2",1201.261
"1785",474,5,"3",85186.953
"1786",474,6,"2",75.719
"1787",474,6,"3",1472.201
"1788",474,7,"3",176.441
"1789",475,0,"2",41.753
"1790",475,0,"3",933.763
"1791",475,1,"1",163.525
"1792",475,1,"2",305.132
"1793",475,1,"3",6224.432
"1794",475,2,"1",122.761
"1795",475,2,"2",1595.184
"1796",475,2,"3",15735.371
"1797",475,3,"1",1133.409
"1798",475,3,"2",6101.945
"1799",475,3,"3",66280.482
"1800",475,4,"1",668.4
"1801",475,4,"2",1106.307
"1802",475,4,"3",14523.04
"1803",475,5,"1",518.582
"1804",475,5,"2",2643.463
"1805",475,5,"3",25215.481
"1806",475,6,"2",330.514
"1807",475,6,"3",1390.473
"1808",476,0,"2",209.077
"1809",476,0,"3",25.13
"1810",476,1,"2",301.228
"1811",476,1,"3",2236.736
"1812",476,2,"2",19.955
"1813",476,2,"3",3011.832
"1814",476,3,"2",3298.79
"1815",476,3,"3",26119.316
"1816",476,4,"2",512.951
"1817",476,4,"3",8345.256
"1818",476,5,"1",728.567
"1819",476,5,"2",877.946
"1820",476,5,"3",23636.645
"1821",476,6,"1",184.118
"1822",476,6,"3",329.584
"1823",477,0,"2",491.483
"1824",477,0,"3",62.51
"1825",477,1,"2",1583.812
"1826",477,1,"3",1362.955
"1827",477,2,"2",3809.283
"1828",477,2,"3",2543.563
"1829",477,3,"2",23362.263
"1830",477,3,"3",13544.358
"1831",477,4,"2",4237.703
"1832",477,4,"3",4929.786
"1833",477,5,"2",10750.391
"1834",477,5,"3",5272.598
"1835",477,6,"2",52.671
"1836",477,6,"3",938.466
"1837",478,0,"3",572.621
"1838",478,1,"2",686.49
"1839",478,1,"3",3314.498
"1840",478,2,"2",730.816
"1841",478,2,"3",10062.52
"1842",478,3,"1",110.561
"1843",478,3,"2",9820.263
"1844",478,3,"3",98050.873
"1845",478,4,"1",676.53
"1846",478,4,"2",16253.202
"1847",478,4,"3",48601.609
"1848",478,5,"1",26412.728
"1849",478,5,"2",13123.841
"1850",478,5,"3",73139.678
"1851",478,6,"1",3404.496
"1852",478,6,"2",626.167
"1853",478,6,"3",3394.969
"1854",478,7,"1",492.272
"1855",478,7,"2",78.258
"1856",478,7,"3",63.107
"1857",479,0,"2",116.054
"1858",479,0,"3",4883.49
"1859",479,1,"1",172.061
"1860",479,1,"2",326.597
"1861",479,1,"3",20436.955
"1862",479,2,"2",570.517
"1863",479,2,"3",19087.023
"1864",479,3,"1",2255.886
"1865",479,3,"2",11652.091
"1866",479,3,"3",110587.556
"1867",479,4,"1",6649.123
"1868",479,4,"2",2956.506
"1869",479,4,"3",48795.091
"1870",479,5,"1",11914.457
"1871",479,5,"2",5399.146
"1872",479,5,"3",79051.735
"1873",479,6,"1",1585.289
"1874",479,6,"2",373.479
"1875",479,6,"3",5179.868
"1876",479,7,"1",423.682
"1877",479,7,"3",238.341
"1878",491,0,"2",111.609
"1879",491,1,"2",447.913
"1880",491,1,"3",88.808
"1881",491,2,"2",753.772
"1882",491,3,"1",125.509
"1883",491,3,"2",7405.493
"1884",491,3,"3",1456.051
"1885",491,4,"1",57.903
"1886",491,4,"2",4034.272
"1887",491,4,"3",757.444
"1888",491,5,"1",37.324
"1889",491,5,"2",8153.607
"1890",491,5,"3",3257.426
"1891",491,6,"2",913.679
"1892",491,6,"3",345.833
"1893",492,0,"2",1933.713
"1894",492,1,"2",32915.003
"1895",492,1,"3",235.933
"1896",492,2,"2",85301.413
"1897",492,2,"3",922.253
"1898",492,3,"1",232.008
"1899",492,3,"2",280530.046
"1900",492,3,"3",8676.629
"1901",492,4,"1",898.674
"1902",492,4,"2",34470.185
"1903",492,4,"3",4228.774
"1904",492,5,"1",2123.899
"1905",492,5,"2",47586.605
"1906",492,5,"3",14073.03
"1907",492,6,"2",1862.164
"1908",492,6,"3",590.737
"1909",492,7,"3",243.452
"1910",493,0,"2",762.195
"1911",493,1,"2",15398.318
"1912",493,1,"3",360.858
"1913",493,2,"2",51707.896
"1914",493,2,"3",1044.983
"1915",493,3,"2",226716.518
"1916",493,3,"3",10951.113
"1917",493,4,"2",37418.354
"1918",493,4,"3",6023.146
"1919",493,5,"1",522.171
"1920",493,5,"2",35546.52
"1921",493,5,"3",9311.815
"1922",493,6,"2",839.921
"1923",493,6,"3",500.72
"1924",494,1,"2",11.711
"1925",494,1,"3",1101.087
"1926",494,2,"2",1557.435
"1927",494,2,"3",7347.623
"1928",494,3,"2",13511.909
"1929",494,3,"3",63207.065
"1930",494,4,"2",3152.576
"1931",494,4,"3",19575.555
"1932",494,5,"1",229.053
"1933",494,5,"2",3829.074
"1934",494,5,"3",29659.042
"1935",494,6,"2",259.394
"1936",494,6,"3",316.239
"1937",495,2,"2",81.206
"1938",495,5,"2",241.973
"1939",495,5,"3",771.762
"1940",501,1,"1",86.947
"1941",501,1,"2",389.04
"1942",501,2,"1",1194.297
"1943",501,2,"2",269.029
"1944",501,2,"3",27.706
"1945",501,3,"1",2051.401
"1946",501,3,"2",830.929
"1947",501,3,"3",2019.103
"1948",501,4,"1",398.084
"1949",501,4,"2",54.205
"1950",501,4,"3",1298.362
"1951",501,5,"1",3515.348
"1952",501,5,"2",1237.995
"1953",501,5,"3",6591.502
"1954",501,6,"1",132.714
"1955",501,6,"2",33.075
"1956",501,7,"3",174.525
"1957",502,1,"1",167.073
"1958",502,1,"2",300.265
"1959",502,2,"1",187.437
"1960",502,3,"1",191.304
"1961",502,3,"2",503.41
"1962",502,3,"3",135.532
"1963",502,4,"1",42.385
"1964",502,4,"2",411.919
"1965",502,4,"3",124.2
"1966",502,5,"1",86.834
"1967",502,5,"3",664.682
"1968",511,3,"1",170.013
"1969",511,3,"2",1144.882
"1970",511,3,"3",565.522
"1971",511,4,"1",187.202
"1972",511,4,"2",3349.497
"1973",511,4,"3",2750.089
"1974",511,5,"1",3686.742
"1975",511,5,"2",13520.757
"1976",511,5,"3",8723.434
"1977",511,6,"1",1307.015
"1978",511,6,"2",1187.542
"1979",511,6,"3",278.505
"1980",511,7,"3",70.853
"1981",512,3,"2",217.029
"1982",512,3,"3",236.87
"1983",512,4,"2",95.317
"1984",512,5,"3",406.178
"1985",521,0,"2",27.618
"1986",521,1,"2",1074.225
"1987",521,1,"3",486.206
"1988",521,2,"2",4659.261
"1989",521,2,"3",1309.77
"1990",521,3,"2",35854.149
"1991",521,3,"3",16746.26
"1992",521,4,"2",11308.286
"1993",521,4,"3",8925.4
"1994",521,5,"1",283.596
"1995",521,5,"2",10030.41
"1996",521,5,"3",19654.729
"1997",521,6,"2",396.421
"1998",521,6,"3",318.662
"1999",521,7,"3",69.675
"2000",529,0,"2",311.353
"2001",529,0,"3",86.793
"2002",529,1,"2",1493.255
"2003",529,1,"3",1335.773
"2004",529,2,"2",2472.475
"2005",529,2,"3",1501.574
"2006",529,3,"1",1264.99
"2007",529,3,"2",23540.712
"2008",529,3,"3",23860.776
"2009",529,4,"1",145.199
"2010",529,4,"2",9883.429
"2011",529,4,"3",14593.59
"2012",529,5,"1",2628.601
"2013",529,5,"2",14377.706
"2014",529,5,"3",36383.213
"2015",529,6,"1",533.023
"2016",529,6,"2",478.938
"2017",529,6,"3",1858.534
"2018",529,7,"2",279.167
"2019",529,7,"3",168.342
"2020",551,0,"2",1133.666
"2021",551,0,"3",220.049
"2022",551,1,"2",9643.406
"2023",551,1,"3",908.312
"2024",551,2,"2",11604.799
"2025",551,2,"3",432.395
"2026",551,3,"1",1338.625
"2027",551,3,"2",43325.842
"2028",551,3,"3",6144.812
"2029",551,4,"1",1054.212
"2030",551,4,"2",18090.008
"2031",551,4,"3",4539.848
"2032",551,5,"1",4151.618
"2033",551,5,"2",27881.097
"2034",551,5,"3",12859.149
"2035",551,6,"1",1258.334
"2036",551,6,"2",2354.616
"2037",551,6,"3",708.08
"2038",551,7,"2",107.118
"2039",551,7,"3",614.534
"2040",559,0,"2",153.681
"2041",559,1,"2",978.108
"2042",559,2,"2",1508.506
"2043",559,2,"3",45.225
"2044",559,3,"2",2597.091
"2045",559,3,"3",327.13
"2046",559,4,"2",584.694
"2047",559,4,"3",452.754
"2048",559,5,"1",113.107
"2049",559,5,"2",1970.148
"2050",559,5,"3",1109.347
"2051",559,6,"2",508.239
"2052",561,0,"2",7553.329
"2053",561,0,"3",8141.211
"2054",561,1,"2",64604.575
"2055",561,1,"3",79353.679
"2056",561,2,"2",107259.33
"2057",561,2,"3",134295.856
"2058",561,3,"1",1056.705
"2059",561,3,"2",303782.347
"2060",561,3,"3",491223.633
"2061",561,4,"1",3553.429
"2062",561,4,"2",77419.769
"2063",561,4,"3",141387.345
"2064",561,5,"1",10037.191
"2065",561,5,"2",77010.968
"2066",561,5,"3",212186.692
"2067",561,6,"1",1283.443
"2068",561,6,"2",3862.245
"2069",561,6,"3",5094.922
"2070",561,7,"2",156.781
"2071",561,7,"3",819.077
"2072",562,0,"2",544.837
"2073",562,0,"3",260.103
"2074",562,1,"1",120.304
"2075",562,1,"2",2503.474
"2076",562,1,"3",2100.867
"2077",562,2,"2",8928.99
"2078",562,2,"3",6464.279
"2079",562,3,"1",2975.815
"2080",562,3,"2",61857.053
"2081",562,3,"3",74168.015
"2082",562,4,"1",679.45
"2083",562,4,"2",34293.708
"2084",562,4,"3",34152.711
"2085",562,5,"1",1200.826
"2086",562,5,"2",65887.8
"2087",562,5,"3",75474.154
"2088",562,6,"2",2944.909
"2089",562,6,"3",1995.04
"2090",562,7,"2",698.044
"2091",581,1,"2",247.526
"2092",581,1,"3",56.536
"2093",581,2,"3",56.652
"2094",581,3,"1",3354.196
"2095",581,3,"2",2869.376
"2096",581,3,"3",8391.883
"2097",581,4,"1",4373.108
"2098",581,4,"2",1610.195
"2099",581,4,"3",3991.63
"2100",581,5,"1",37029.015
"2101",581,5,"2",3501.715
"2102",581,5,"3",14273.271
"2103",581,6,"1",4448.389
"2104",581,6,"2",311.121
"2105",581,6,"3",1457.529
"2106",581,7,"1",924.09
"2107",582,3,"1",8054.41
"2108",582,3,"2",1715.102
"2109",582,3,"3",6647.052
"2110",582,4,"1",26590.71
"2111",582,4,"2",4983.399
"2112",582,4,"3",8299.434
"2113",582,5,"1",127931.184
"2114",582,5,"2",13177.141
"2115",582,5,"3",26436.376
"2116",582,6,"1",21938.404
"2117",582,6,"2",2623.021
"2118",582,6,"3",2289.985
"2119",582,7,"1",3736.117
"2120",591,2,"2",570.228
"2121",591,3,"1",1345.714
"2122",591,3,"2",3574.661
"2123",591,3,"3",2588.694
"2124",591,4,"1",1899.348
"2125",591,4,"2",5619.577
"2126",591,4,"3",1927.2
"2127",591,5,"1",7343.307
"2128",591,5,"2",18106.104
"2129",591,5,"3",10280.371
"2130",591,6,"1",554.871
"2131",591,6,"2",1943.016
"2132",591,6,"3",569.831
"2133",591,7,"2",201.993
"2134",592,3,"2",702.766
"2135",592,4,"2",474.024
"2136",592,5,"1",857.86
"2137",592,5,"2",193.825
"2138",592,5,"3",323.984
"2139",592,6,"2",272.064
"2140",601,3,"2",747.019
"2141",601,5,"1",406.391
"2142",601,5,"2",379.145
"2143",602,1,"2",28.48
"2144",602,2,"2",47.972
"2145",602,3,"2",5424.995
"2146",602,3,"3",1415.101
"2147",602,4,"1",237.45
"2148",602,4,"2",5097.682
"2149",602,4,"3",2368.571
"2150",602,5,"1",8292.817
"2151",602,5,"2",18329.024
"2152",602,5,"3",5573.492
"2153",602,6,"1",1558.744
"2154",602,6,"2",2711.328
"2155",602,6,"3",251.58
"2156",602,7,"1",197.887
"2157",602,7,"2",484.456
"2158",602,7,"3",245.589
"2159",611,1,"2",319.027
"2160",611,1,"3",117.674
"2161",611,2,"1",35.201
"2162",611,2,"2",2124.048
"2163",611,2,"3",427.87
"2164",611,3,"1",105.328
"2165",611,3,"2",13263.556
"2166",611,3,"3",11416.501
"2167",611,4,"1",344.473
"2168",611,4,"2",3172.762
"2169",611,4,"3",6450.81
"2170",611,5,"1",1766.698
"2171",611,5,"2",12639.222
"2172",611,5,"3",6505.426
"2173",611,6,"1",1039.173
"2174",611,6,"2",870.027
"2175",612,1,"2",105.917
"2176",612,2,"2",313.552
"2177",612,2,"3",217.53
"2178",612,3,"1",319.311
"2179",612,3,"2",11190.964
"2180",612,3,"3",6927.607
"2181",612,4,"1",1172.944
"2182",612,4,"2",5370.733
"2183",612,4,"3",6537.996
"2184",612,5,"1",5951.487
"2185",612,5,"2",13539.252
"2186",612,5,"3",24524.273
"2187",612,6,"1",1458.563
"2188",612,6,"2",1136.408
"2189",612,6,"3",1060.083
"2190",620,1,"2",53.308
"2191",620,2,"1",246.801
"2192",620,3,"1",3265.556
"2193",620,3,"2",5083.538
"2194",620,3,"3",1144.737
"2195",620,4,"1",17052.383
"2196",620,4,"2",8278.363
"2197",620,4,"3",3190.993
"2198",620,5,"1",65536.814
"2199",620,5,"2",19657.495
"2200",620,5,"3",10436.532
"2201",620,6,"1",9317.551
"2202",620,6,"2",834.784
"2203",620,6,"3",1310.267
"2204",620,7,"1",702.678
"2205",620,7,"3",263.01
"2206",631,3,"1",67.204
"2207",631,3,"2",1071.692
"2208",631,3,"3",912.691
"2209",631,4,"1",2779.448
"2210",631,4,"2",1190.547
"2211",631,4,"3",2531.266
"2212",631,5,"1",9894.836
"2213",631,5,"2",2582.557
"2214",631,5,"3",6679.048
"2215",631,6,"1",1726.477
"2216",631,6,"2",543.621
"2217",631,6,"3",809.325
"2218",631,7,"3",309.795
"2219",639,3,"1",518.552
"2220",639,3,"2",27.488
"2221",639,3,"3",363.897
"2222",639,4,"1",709.299
"2223",639,4,"2",739.9
"2224",639,4,"3",590.894
"2225",639,5,"1",4525.906
"2226",639,5,"2",645.336
"2227",639,5,"3",3604.543
"2228",639,6,"1",912.323
"2229",639,6,"2",203.452
"2230",639,7,"1",177.245
"2231",639,7,"3",550.351
"2232",641,0,"1",47.838
"2233",641,0,"2",203.372
"2234",641,1,"2",2290.54
"2235",641,1,"3",152.133
"2236",641,2,"1",1235.984
"2237",641,2,"2",1473.129
"2238",641,2,"3",102.662
"2239",641,3,"1",5633.732
"2240",641,3,"2",33711.798
"2241",641,3,"3",3468.481
"2242",641,4,"1",2961.134
"2243",641,4,"2",28062.638
"2244",641,4,"3",4572.392
"2245",641,5,"1",18770.888
"2246",641,5,"2",126721.717
"2247",641,5,"3",12730.256
"2248",641,6,"1",4933.249
"2249",641,6,"2",9322.856
"2250",641,6,"3",22.739
"2251",641,7,"2",212.923
"2252",641,7,"3",221.62
"2253",642,3,"2",352.667
"2254",642,3,"3",53.228
"2255",642,4,"2",46.652
"2256",642,4,"3",219.917
"2257",642,5,"1",836.389
"2258",642,5,"2",4294.178
"2259",642,5,"3",1559.502
"2260",642,6,"1",617.096
"2261",642,6,"2",1063.165
"2262",642,6,"3",292.497
"2263",642,7,"2",28.724
"2264",649,0,"3",113.974
"2265",649,1,"2",206.803
"2266",649,1,"3",12.141
"2267",649,2,"2",527.489
"2268",649,2,"3",51.473
"2269",649,3,"1",635.181
"2270",649,3,"2",11184.913
"2271",649,3,"3",4820.721
"2272",649,4,"2",7805.671
"2273",649,4,"3",4389.578
"2274",649,5,"1",3184.516
"2275",649,5,"2",16887.432
"2276",649,5,"3",9741.537
"2277",649,6,"2",1589.074
"2278",649,6,"3",1003.21
"2279",649,7,"2",157.04
"2280",649,7,"3",230.463
"2281",651,1,"1",255.573
"2282",651,1,"2",1366.283
"2283",651,1,"3",62.139
"2284",651,2,"1",65.417
"2285",651,2,"2",5707.777
"2286",651,3,"1",330.992
"2287",651,3,"2",103663.526
"2288",651,3,"3",9552.746
"2289",651,4,"1",1189.878
"2290",651,4,"2",39082.83
"2291",651,4,"3",7813.368
"2292",651,5,"1",7283.383
"2293",651,5,"2",82895.073
"2294",651,5,"3",21548.643
"2295",651,6,"1",1643.897
"2296",651,6,"2",5899.402
"2297",651,6,"3",494.009
"2298",651,7,"2",643.337
"2299",652,3,"2",415.93
"2300",652,4,"2",275.087
"2301",652,4,"3",139.886
"2302",652,5,"2",278.336
"2303",653,1,"2",223.904
"2304",653,3,"2",171.925
"2305",653,3,"3",236.465
"2306",653,4,"1",67.22
"2307",653,4,"2",309.818
"2308",653,4,"3",814.049
"2309",653,5,"1",144.938
"2310",653,5,"2",4303.786
"2311",653,5,"3",2844.257
"2312",653,6,"1",555.345
"2313",653,6,"2",541.136
"2314",653,6,"3",289.166
"2315",661,3,"2",3841.399
"2316",661,3,"3",1378.566
"2317",661,4,"1",798.553
"2318",661,4,"2",3731.434
"2319",661,4,"3",1669.521
"2320",661,5,"1",2972.398
"2321",661,5,"2",27396.897
"2322",661,5,"3",5621.311
"2323",661,6,"1",1673.525
"2324",661,6,"2",3861.75
"2325",661,6,"3",310.747
"2326",661,7,"1",327.651
"2327",662,1,"2",852.96
"2328",662,2,"2",1636.131
"2329",662,3,"1",511.771
"2330",662,3,"2",31107.141
"2331",662,3,"3",3988.466
"2332",662,4,"2",10967.999
"2333",662,4,"3",3177.69
"2334",662,5,"1",620.29
"2335",662,5,"2",28465.478
"2336",662,5,"3",3873.396
"2337",662,6,"2",1514.489
"2338",662,7,"3",86.003
"2339",681,0,"2",962.685
"2340",681,1,"2",3797.711
"2341",681,1,"3",846.441
"2342",681,2,"1",25.681
"2343",681,2,"2",10144.662
"2344",681,2,"3",1908.087
"2345",681,3,"1",425.148
"2346",681,3,"2",18205.159
"2347",681,3,"3",23706.399
"2348",681,4,"1",273.109
"2349",681,4,"2",4903.134
"2350",681,4,"3",11033.559
"2351",681,5,"1",1975.365
"2352",681,5,"2",13179.516
"2353",681,5,"3",30133.227
"2354",681,6,"1",586.678
"2355",681,6,"2",2751.439
"2356",681,6,"3",5745.297
"2357",681,7,"1",71.815
"2358",681,7,"2",615.13
"2359",681,7,"3",396.117
"2360",682,0,"2",3849.918
"2361",682,1,"1",114.071
"2362",682,1,"2",23723.108
"2363",682,1,"3",589.426
"2364",682,2,"1",669.235
"2365",682,2,"2",23957.252
"2366",682,2,"3",3927.63
"2367",682,3,"1",2935.792
"2368",682,3,"2",99536.878
"2369",682,3,"3",49660.289
"2370",682,4,"1",1555.497
"2371",682,4,"2",26516.465
"2372",682,4,"3",21782.895
"2373",682,5,"1",6244.152
"2374",682,5,"2",89560.656
"2375",682,5,"3",32961.418
"2376",682,6,"2",7998.274
"2377",682,6,"3",1667.97
"2378",682,7,"2",466.8
"2379",682,7,"3",384.827
"2380",691,0,"2",175.349
"2381",691,1,"2",660.895
"2382",691,3,"2",5026.392
"2383",691,3,"3",1978.256
"2384",691,4,"2",3260.91
"2385",691,4,"3",590.061
"2386",691,5,"2",3106.865
"2387",691,5,"3",2421.41
"2388",691,6,"3",163.047
"2389",692,1,"2",227.84
"2390",692,1,"3",58.773
"2391",692,2,"1",242.568
"2392",692,2,"2",840.443
"2393",692,3,"1",341.721
"2394",692,3,"2",20386.699
"2395",692,3,"3",3634.571
"2396",692,4,"2",7605.526
"2397",692,4,"3",819.435
"2398",692,5,"2",7702.771
"2399",692,5,"3",3073.393
"2400",692,6,"1",197.039
"2401",692,6,"2",69.857
"2402",693,1,"2",473.953
"2403",693,2,"2",1494.142
"2404",693,2,"3",422.632
"2405",693,3,"1",109.864
"2406",693,3,"2",10746.271
"2407",693,3,"3",4289.792
"2408",693,4,"2",4688.754
"2409",693,4,"3",2659.213
"2410",693,5,"1",187.398
"2411",693,5,"2",5604.24
"2412",693,5,"3",2101.201
"2413",693,6,"2",405.445
"2414",693,6,"3",27.868
"2415",701,0,"2",21.158
"2416",701,1,"2",1360.498
"2417",701,2,"2",159.251
"2418",701,2,"3",26.568
"2419",701,3,"1",635.786
"2420",701,3,"2",1330.476
"2421",701,3,"3",2429.543
"2422",701,4,"1",2536.338
"2423",701,4,"2",795.67
"2424",701,4,"3",3263.982
"2425",701,5,"1",61486.593
"2426",701,5,"2",5874.285
"2427",701,5,"3",9869.612
"2428",701,6,"1",44407.623
"2429",701,6,"2",2945.535
"2430",701,6,"3",3625.783
"2431",701,7,"1",29612.555
"2432",701,7,"2",925.193
"2433",701,7,"3",538.862
"2434",702,1,"1",37.729
"2435",702,1,"2",109.164
"2436",702,2,"2",331.658
"2437",702,3,"2",503.94
"2438",702,3,"3",388.783
"2439",702,4,"1",52.468
"2440",702,4,"2",125.393
"2441",702,4,"3",301.374
"2442",702,5,"1",3007.221
"2443",702,5,"2",1273.755
"2444",702,5,"3",1628.459
"2445",702,6,"1",3707.005
"2446",702,6,"2",583.576
"2447",702,6,"3",610.625
"2448",702,7,"1",4248.906
"2449",702,7,"2",218.652
"2450",702,7,"3",168.125
"2451",711,2,"2",148.527
"2452",711,2,"3",85.364
"2453",711,3,"1",170.671
"2454",711,3,"2",1310.048
"2455",711,3,"3",11103.416
"2456",711,4,"1",586.168
"2457",711,4,"2",310.056
"2458",711,4,"3",10299.127
"2459",711,5,"1",14580.469
"2460",711,5,"2",2992.428
"2461",711,5,"3",28929.144
"2462",711,6,"1",9702.239
"2463",711,6,"2",1206.126
"2464",711,6,"3",2431.427
"2465",711,7,"1",2348.813
"2466",711,7,"3",434.413
"2467",712,1,"3",22.921
"2468",712,2,"2",470.288
"2469",712,3,"2",486.228
"2470",712,3,"3",17639.097
"2471",712,4,"2",234.808
"2472",712,4,"3",21194.034
"2473",712,5,"1",769.766
"2474",712,5,"2",21171.572
"2475",712,5,"3",29308.477
"2476",712,6,"1",396.284
"2477",712,6,"2",2100.295
"2478",712,6,"3",1111.749
"2479",712,7,"2",1793.385
"2480",713,1,"2",916.456
"2481",713,2,"2",1529.958
"2482",713,3,"1",2116.756
"2483",713,3,"2",5714.028
"2484",713,3,"3",5315.801
"2485",713,4,"1",7143.631
"2486",713,4,"2",2667.873
"2487",713,4,"3",5770.001
"2488",713,5,"1",23055.199
"2489",713,5,"2",9468.01
"2490",713,5,"3",27136.127
"2491",713,6,"1",1864.575
"2492",713,6,"2",746.017
"2493",713,6,"3",1391.318
"2494",713,7,"1",279.608
"2495",713,7,"3",336.798
"2496",714,3,"3",579.631
"2497",714,4,"3",1419.003
"2498",714,5,"1",1844.74
"2499",714,5,"2",31.742
"2500",714,5,"3",5457.668
"2501",714,6,"1",423.909
"2502",714,6,"3",479.523
"2503",714,7,"3",591.619
"2504",715,2,"2",472.795
"2505",715,3,"1",244.583
"2506",715,3,"2",1638.461
"2507",715,3,"3",5861.618
"2508",715,4,"1",1425.418
"2509",715,4,"2",4088.558
"2510",715,4,"3",10214.808
"2511",715,5,"1",25776.552
"2512",715,5,"2",30956.035
"2513",715,5,"3",79944.1
"2514",715,6,"1",8710.481
"2515",715,6,"2",8869.504
"2516",715,6,"3",10708.929
"2517",715,7,"1",1707.042
"2518",715,7,"2",3029.062
"2519",715,7,"3",88.451
"2520",721,1,"1",372.614
"2521",721,2,"1",24.807
"2522",721,2,"3",133.801
"2523",721,3,"1",8498.624
"2524",721,3,"2",3131.809
"2525",721,3,"3",4945.763
"2526",721,4,"1",27621.651
"2527",721,4,"2",2174.87
"2528",721,4,"3",4339.699
"2529",721,5,"1",104524.509
"2530",721,5,"2",7107.21
"2531",721,5,"3",12991.249
"2532",721,6,"1",23757.31
"2533",721,6,"2",1257.679
"2534",721,6,"3",1280.936
"2535",721,7,"1",4813.889
"2536",721,7,"2",188.579
"2537",729,2,"1",179.534
"2538",729,2,"2",293.557
"2539",729,2,"3",120.614
"2540",729,3,"1",3026.644
"2541",729,3,"2",5554.468
"2542",729,3,"3",4082.319
"2543",729,4,"1",4452.011
"2544",729,4,"2",4203.322
"2545",729,4,"3",2111.126
"2546",729,5,"1",11720.896
"2547",729,5,"2",19014.261
"2548",729,5,"3",6221.227
"2549",729,6,"1",2413.682
"2550",729,6,"2",2880.634
"2551",729,6,"3",888.756
"2552",729,7,"1",1671.866
"2553",729,7,"2",1370.925
"2554",729,7,"3",282.354
"2555",731,1,"2",23.597
"2556",731,1,"3",49.887
"2557",731,3,"2",3282.042
"2558",731,3,"3",140.107
"2559",731,4,"1",85.644
"2560",731,4,"2",2008.748
"2561",731,5,"1",6533.309
"2562",731,5,"2",1178.005
"2563",731,5,"3",812.645
"2564",731,6,"1",992.292
"2565",731,6,"2",306.837
"2566",732,3,"1",4489.008
"2567",732,3,"2",336.402
"2568",732,3,"3",568.385
"2569",732,4,"1",16749.008
"2570",732,4,"2",432.316
"2571",732,4,"3",1434.415
"2572",732,5,"1",39328.497
"2573",732,5,"2",936.507
"2574",732,5,"3",2768.648
"2575",732,6,"1",3233.29
"2576",732,6,"3",232.696
"2577",732,7,"1",708.57
"2578",733,0,"1",3.915
"2579",733,1,"1",169.37
"2580",733,1,"3",61.427
"2581",733,2,"1",139.093
"2582",733,2,"3",487.87
"2583",733,3,"1",4839.161
"2584",733,3,"2",981.882
"2585",733,3,"3",3618.985
"2586",733,4,"1",4309.141
"2587",733,4,"2",1637.775
"2588",733,4,"3",782.659
"2589",733,5,"1",7604.796
"2590",733,5,"2",1729.567
"2591",733,5,"3",1874.399
"2592",733,6,"1",1645.513
"2593",733,6,"3",178.324
"2594",739,2,"2",133.814
"2595",739,3,"1",350.581
"2596",739,3,"2",2509.635
"2597",739,3,"3",491.13
"2598",739,4,"1",1726.191
"2599",739,4,"2",1166.175
"2600",739,4,"3",622.035
"2601",739,5,"1",9416.655
"2602",739,5,"2",4395.704
"2603",739,5,"3",3362.416
"2604",739,6,"1",4229.62
"2605",739,6,"2",664.566
"2606",739,6,"3",251.104
"2607",739,7,"1",482.314
"2608",741,0,"1",148.969
"2609",741,0,"2",198.527
"2610",741,1,"2",1296.571
"2611",741,1,"3",119.923
"2612",741,2,"2",4634.722
"2613",741,2,"3",1392.634
"2614",741,3,"1",1365.569
"2615",741,3,"2",12428.769
"2616",741,3,"3",12994.763
"2617",741,4,"1",2124.568
"2618",741,4,"2",5695.2
"2619",741,4,"3",11013.715
"2620",741,5,"1",2896.641
"2621",741,5,"2",6037.567
"2622",741,5,"3",20104.821
"2623",741,6,"2",550.596
"2624",741,6,"3",2207.631
"2625",741,7,"2",279.371
"2626",742,0,"2",1739.227
"2627",742,1,"2",20660.669
"2628",742,1,"3",120.88
"2629",742,2,"2",20109.418
"2630",742,2,"3",455.904
"2631",742,3,"1",24.15
"2632",742,3,"2",34398.659
"2633",742,3,"3",4433.347
"2634",742,4,"1",155.378
"2635",742,4,"2",6753.892
"2636",742,4,"3",1805.164
"2637",742,5,"1",307.424
"2638",742,5,"2",7081.877
"2639",742,5,"3",4448.868
"2640",742,6,"1",119.628
"2641",742,6,"2",928.426
"2642",742,6,"3",74.513
"2643",743,0,"2",37.752
"2644",743,1,"2",2735.726
"2645",743,1,"3",29.424
"2646",743,2,"1",155.442
"2647",743,2,"2",3198.967
"2648",743,2,"3",173.665
"2649",743,3,"1",896.267
"2650",743,3,"2",7543.348
"2651",743,3,"3",750.669
"2652",743,4,"1",2052.809
"2653",743,4,"2",1626.39
"2654",743,4,"3",533.05
"2655",743,5,"1",1491.298
"2656",743,5,"2",1465.493
"2657",743,5,"3",1776.287
"2658",743,6,"1",458.088
"2659",743,7,"2",33.448
"2660",751,0,"2",12182.702
"2661",751,0,"3",227.402
"2662",751,1,"1",34.256
"2663",751,1,"2",117790.195
"2664",751,1,"3",6234.378
"2665",751,2,"1",1262.515
"2666",751,2,"2",142996.74
"2667",751,2,"3",13274.529
"2668",751,3,"1",12331.815
"2669",751,3,"2",241091.596
"2670",751,3,"3",71433.069
"2671",751,4,"1",4891.907
"2672",751,4,"2",27968.775
"2673",751,4,"3",21636.311
"2674",751,5,"1",11823.437
"2675",751,5,"2",38008.142
"2676",751,5,"3",33237.697
"2677",751,6,"1",2836.029
"2678",751,6,"2",1378.21
"2679",751,6,"3",504.839
"2680",751,7,"1",517.31
"2681",751,7,"2",93.166
"2682",751,7,"3",420.297
"2683",752,1,"2",127.025
"2684",752,1,"3",51.588
"2685",752,2,"2",1044.271
"2686",752,2,"3",135.203
"2687",752,3,"1",252.915
"2688",752,3,"2",8822.567
"2689",752,3,"3",988.174
"2690",752,4,"1",875.459
"2691",752,4,"2",10977.118
"2692",752,4,"3",1726.457
"2693",752,5,"1",5299.843
"2694",752,5,"2",26863.339
"2695",752,5,"3",3277.889
"2696",752,6,"1",1301.925
"2697",752,6,"2",1324.506
"2698",753,1,"2",1045.414
"2699",753,2,"2",3576.138
"2700",753,3,"2",22234.604
"2701",753,3,"3",2668.484
"2702",753,4,"2",15251.559
"2703",753,4,"3",2291.088
"2704",753,5,"1",2595.889
"2705",753,5,"2",20777.769
"2706",753,5,"3",5160.93
"2707",753,6,"1",762.648
"2708",753,6,"2",1048.225
"2709",753,6,"3",221.577
"2710",759,1,"2",901.078
"2711",759,1,"3",184.692
"2712",759,2,"2",2981.368
"2713",759,2,"3",274.718
"2714",759,3,"1",825.097
"2715",759,3,"2",14136.185
"2716",759,3,"3",33346.442
"2717",759,4,"1",2719.031
"2718",759,4,"2",3668.147
"2719",759,4,"3",24438.759
"2720",759,5,"1",7772.258
"2721",759,5,"2",8877.921
"2722",759,5,"3",39427.289
"2723",759,6,"1",3018.142
"2724",759,6,"2",635.475
"2725",759,6,"3",2749.68
"2726",759,7,"1",83.099
"2727",759,7,"2",307.258
"2728",759,7,"3",280.41
"2729",841,0,"1",537.428
"2730",841,0,"2",34545.127
"2731",841,0,"3",1238.237
"2732",841,1,"1",2172.784
"2733",841,1,"2",71165.63
"2734",841,1,"3",5536.171
"2735",841,2,"1",1053.038
"2736",841,2,"2",40941.65
"2737",841,2,"3",5327.484
"2738",841,3,"1",5548.364
"2739",841,3,"2",89279.649
"2740",841,3,"3",26458.011
"2741",841,4,"1",5238.464
"2742",841,4,"2",43275.407
"2743",841,4,"3",10673.222
"2744",841,5,"1",26901.612
"2745",841,5,"2",219726.391
"2746",841,5,"3",24371.037
"2747",841,6,"1",8396.68
"2748",841,6,"2",23000.843
"2749",841,6,"3",1637.955
"2750",841,7,"1",1642.238
"2751",841,7,"2",2570.661
"2752",841,7,"3",576.378
"2753",842,0,"2",162.255
"2754",842,1,"2",1127.036
"2755",842,1,"3",579.957
"2756",842,2,"1",33.719
"2757",842,2,"2",2091.365
"2758",842,2,"3",508.442
"2759",842,3,"1",790.17
"2760",842,3,"2",10391.959
"2761",842,3,"3",3206.27
"2762",842,4,"1",1461.503
"2763",842,4,"2",6036.089
"2764",842,4,"3",3539.017
"2765",842,5,"1",8952.565
"2766",842,5,"2",33876.035
"2767",842,5,"3",10036.885
"2768",842,6,"1",5957.65
"2769",842,6,"2",7459.119
"2770",842,6,"3",1379.093
"2771",842,7,"1",2862.3
"2772",842,7,"2",894.383
"2773",842,7,"3",497.648
"2774",843,1,"2",121.335
"2775",843,2,"1",24.556
"2776",843,2,"2",676.643
"2777",843,2,"3",50.682
"2778",843,3,"1",116.344
"2779",843,3,"2",7191.928
"2780",843,3,"3",937.607
"2781",843,4,"1",774.068
"2782",843,4,"2",4673.495
"2783",843,4,"3",65.78
"2784",843,5,"1",2593.807
"2785",843,5,"2",15995.817
"2786",843,5,"3",4020.985
"2787",843,6,"1",1967.037
"2788",843,6,"2",2257.102
"2789",843,7,"1",331.544
"2790",844,0,"2",400.538
"2791",844,1,"1",579.976
"2792",844,1,"2",1021.661
"2793",844,2,"2",1725.217
"2794",844,3,"1",29369.172
"2795",844,3,"2",5431.008
"2796",844,3,"3",791.009
"2797",844,4,"1",27562.409
"2798",844,4,"2",4281.333
"2799",844,4,"3",2213.317
"2800",844,5,"1",116449.59
"2801",844,5,"2",22731.215
"2802",844,5,"3",9248.318
"2803",844,6,"1",5782.154
"2804",844,6,"2",1418.351
"2805",844,6,"3",551.003
"2806",844,7,"1",1336.52
"2807",845,2,"1",175.254
"2808",845,3,"2",449.164
"2809",845,3,"3",99.072
"2810",845,4,"1",73.981
"2811",845,4,"2",346.045
"2812",845,4,"3",452.133
"2813",845,5,"1",1500.12
"2814",845,5,"2",1719.144
"2815",845,5,"3",210.684
"2816",845,6,"1",177.51
"2817",845,7,"1",692.545
"2818",851,0,"2",1260.757
"2819",851,0,"3",381.411
"2820",851,1,"1",101.517
"2821",851,1,"2",7781.825
"2822",851,1,"3",5307.77
"2823",851,2,"1",12.355
"2824",851,2,"2",10362.217
"2825",851,2,"3",3654.533
"2826",851,3,"1",7576.478
"2827",851,3,"2",44080.827
"2828",851,3,"3",13399.588
"2829",851,4,"1",47231.763
"2830",851,4,"2",9958.554
"2831",851,4,"3",3947.482
"2832",851,5,"1",210865.355
"2833",851,5,"2",22617.008
"2834",851,5,"3",7567.969
"2835",851,6,"1",75593.344
"2836",851,6,"2",1056.907
"2837",851,6,"3",612.131
"2838",851,7,"1",3824.675
"2839",852,0,"2",452.114
"2840",852,1,"2",3237.255
"2841",852,1,"3",704.97
"2842",852,2,"2",5649.875
"2843",852,2,"3",1512.471
"2844",852,3,"1",1649.461
"2845",852,3,"2",29870.405
"2846",852,3,"3",7381.713
"2847",852,4,"1",3750.278
"2848",852,4,"2",3931.86
"2849",852,4,"3",3756.503
"2850",852,5,"1",175970.15
"2851",852,5,"2",21862.996
"2852",852,5,"3",8196.402
"2853",852,6,"1",87799.582
"2854",852,6,"2",1450.642
"2855",852,6,"3",320.353
"2856",852,7,"1",7222.13
"2857",853,0,"2",119.066
"2858",853,1,"2",1470.403
"2859",853,1,"3",277.087
"2860",853,2,"2",1933.746
"2861",853,2,"3",31.372
"2862",853,3,"1",300.021
"2863",853,3,"2",5613.49
"2864",853,3,"3",2894.625
"2865",853,4,"1",4238.792
"2866",853,4,"2",1362.204
"2867",853,4,"3",7628.835
"2868",853,5,"1",25223.834
"2869",853,5,"2",11610.384
"2870",853,5,"3",44502.746
"2871",853,6,"1",38997.067
"2872",853,6,"2",2715.795
"2873",853,6,"3",11044.677
"2874",853,7,"1",101880.546
"2875",853,7,"2",2291.632
"2876",853,7,"3",685.406
"2877",854,1,"2",80.712
"2878",854,1,"3",166.944
"2879",854,2,"2",409.274
"2880",854,2,"3",98.587
"2881",854,3,"1",940.299
"2882",854,3,"2",1816.512
"2883",854,3,"3",100.091
"2884",854,4,"1",813.293
"2885",854,4,"2",474.903
"2886",854,4,"3",675.565
"2887",854,5,"1",11057.302
"2888",854,5,"2",318.258
"2889",854,5,"3",418.477
"2890",854,6,"1",5745.417
"2891",854,6,"2",206.2
"2892",854,6,"3",660.567
"2893",854,7,"1",1072.54
"2894",855,0,"2",398.814
"2895",855,1,"1",45.187
"2896",855,1,"2",1195.316
"2897",855,2,"2",2549.049
"2898",855,2,"3",172.149
"2899",855,3,"1",8826.322
"2900",855,3,"2",10336.991
"2901",855,3,"3",2801.297
"2902",855,4,"1",39212.578
"2903",855,4,"2",3414.147
"2904",855,4,"3",7157.607
"2905",855,5,"1",308605.689
"2906",855,5,"2",5162.042
"2907",855,5,"3",26054.915
"2908",855,6,"1",38338.362
"2909",855,6,"2",55.491
"2910",855,6,"3",2514.335
"2911",855,7,"1",1010.25
"2912",855,7,"3",470.871
"2913",856,0,"1",139.12
"2914",856,0,"2",398.568
"2915",856,1,"1",261.494
"2916",856,1,"2",1181.897
"2917",856,1,"3",195.88
"2918",856,2,"1",712.985
"2919",856,2,"2",1805.029
"2920",856,3,"1",24799.473
"2921",856,3,"2",10037.161
"2922",856,3,"3",6610.865
"2923",856,4,"1",43821.429
"2924",856,4,"2",1882.618
"2925",856,4,"3",4717.665
"2926",856,5,"1",149909.78
"2927",856,5,"2",7807.062
"2928",856,5,"3",17005.053
"2929",856,6,"1",35456.045
"2930",856,6,"2",707.341
"2931",856,6,"3",2995.388
"2932",856,7,"1",4847.766
"2933",856,7,"3",240.125
"2934",857,1,"2",95.442
"2935",857,3,"1",470.954
"2936",857,3,"3",1122.577
"2937",857,4,"1",1235.514
"2938",857,4,"2",490.7
"2939",857,4,"3",688.39
"2940",857,5,"1",6044.059
"2941",857,5,"2",1042.848
"2942",857,5,"3",6307.794
"2943",857,6,"1",1653.95
"2944",857,6,"3",1456.763
"2945",857,7,"1",647.41
"2946",861,0,"2",1021.055
"2947",861,0,"3",22.324
"2948",861,1,"2",8670.861
"2949",861,1,"3",622.368
"2950",861,2,"2",14916.667
"2951",861,2,"3",578.877
"2952",861,3,"1",1082.561
"2953",861,3,"2",74814.919
"2954",861,3,"3",11912.594
"2955",861,4,"1",61305.228
"2956",861,4,"2",58136.537
"2957",861,4,"3",17198.204
"2958",861,5,"1",150943.03
"2959",861,5,"2",56031.165
"2960",861,5,"3",26981.524
"2961",861,6,"1",29272.327
"2962",861,6,"2",6706.45
"2963",861,6,"3",4302.115
"2964",861,7,"1",13682.016
"2965",861,7,"2",399.212
"2966",861,7,"3",425.601
"2967",862,0,"2",326.096
"2968",862,0,"3",294.146
"2969",862,1,"2",2130.606
"2970",862,1,"3",756.585
"2971",862,2,"1",104.88
"2972",862,2,"2",2795.962
"2973",862,2,"3",183.499
"2974",862,3,"1",188.138
"2975",862,3,"2",87028.963
"2976",862,3,"3",6457.415
"2977",862,4,"1",16187.304
"2978",862,4,"2",108292.324
"2979",862,4,"3",9652.598
"2980",862,5,"1",34806.335
"2981",862,5,"2",41872.195
"2982",862,5,"3",14720.912
"2983",862,6,"1",19934.853
"2984",862,6,"2",2267.063
"2985",862,6,"3",385.531
"2986",862,7,"1",14432.168
"2987",862,7,"2",859.244
"2988",862,7,"3",249.179
"2989",863,0,"1",25.951
"2990",863,0,"2",192.262
"2991",863,1,"2",219.996
"2992",863,1,"3",13.628
"2993",863,2,"2",414.576
"2994",863,3,"1",178.917
"2995",863,3,"2",1438.956
"2996",863,3,"3",713.168
"2997",863,4,"1",5503.618
"2998",863,4,"2",4899.777
"2999",863,4,"3",481.599
"3000",863,5,"1",7145.824
"3001",863,5,"2",6819.008
"3002",863,5,"3",525.938
"3003",863,6,"1",1193.858
"3004",863,6,"2",1403.623
"3005",863,7,"1",89.249
"3006",863,7,"2",293.296
"3007",869,2,"2",805.707
"3008",869,3,"1",186.764
"3009",869,3,"2",1344.305
"3010",869,3,"3",173.27
"3011",869,4,"1",1121.445
"3012",869,4,"2",595.456
"3013",869,5,"1",1693.091
"3014",869,5,"2",5210.975
"3015",869,5,"3",540.038
"3016",869,6,"1",2005.299
"3017",869,6,"2",5804.309
"3018",869,6,"3",278.572
"3019",869,7,"1",391.607
"3020",869,7,"2",762.884
"3021",869,7,"3",110.462
"3022",871,0,"2",1312.537
"3023",871,0,"3",196.99
"3024",871,1,"1",694.153
"3025",871,1,"2",9511.293
"3026",871,1,"3",426.766
"3027",871,2,"1",213.885
"3028",871,2,"2",23372.138
"3029",871,2,"3",1116.523
"3030",871,3,"1",3168.732
"3031",871,3,"2",54746.878
"3032",871,3,"3",1679.291
"3033",871,4,"1",14703.748
"3034",871,4,"2",9181.35
"3035",871,4,"3",2648.861
"3036",871,5,"1",22626.2
"3037",871,5,"2",10016.635
"3038",871,5,"3",1902.521
"3039",871,6,"1",2938.429
"3040",871,6,"2",279.822
"3041",871,6,"3",891.764
"3042",871,7,"1",1370.163
"3043",871,7,"2",142.353
"3044",872,0,"1",2520.327
"3045",872,0,"2",21264.987
"3046",872,0,"3",4442.165
"3047",872,1,"1",8364.713
"3048",872,1,"2",67787.659
"3049",872,1,"3",15714.318
"3050",872,2,"1",3338.109
"3051",872,2,"2",58441.254
"3052",872,2,"3",7745.257
"3053",872,3,"1",43433.822
"3054",872,3,"2",136443.3
"3055",872,3,"3",11372.543
"3056",872,4,"1",137551.168
"3057",872,4,"2",23665.297
"3058",872,4,"3",5860.517
"3059",872,5,"1",163097.475
"3060",872,5,"2",30644.397
"3061",872,5,"3",15317.329
"3062",872,6,"1",27232.597
"3063",872,6,"2",2977.143
"3064",872,6,"3",1871.257
"3065",872,7,"1",3778.933
"3066",872,7,"2",15.179
"3067",872,7,"3",119.231
"3068",901,0,"2",32.967
"3069",901,1,"1",14.791
"3070",901,2,"1",484.078
"3071",901,2,"2",45.929
"3072",901,2,"3",51.187
"3073",901,3,"1",4447.707
"3074",901,3,"2",2392.123
"3075",901,3,"3",1496.722
"3076",901,4,"1",4752.68
"3077",901,4,"2",4492.843
"3078",901,4,"3",848.837
"3079",901,5,"1",25881.264
"3080",901,5,"2",10169.913
"3081",901,5,"3",2386.47
"3082",901,6,"1",12071.792
"3083",901,6,"2",1166.465
"3084",901,6,"3",493.516
"3085",901,7,"1",2709.055
"3086",901,7,"2",176.207
"3087",902,0,"2",564.512
"3088",902,1,"2",2287.928
"3089",902,1,"3",124.59
"3090",902,2,"2",2504.138
"3091",902,2,"3",768.677
"3092",902,3,"1",109.739
"3093",902,3,"2",6888.042
"3094",902,3,"3",4351.579
"3095",902,4,"2",3331.43
"3096",902,4,"3",5338.35
"3097",902,5,"1",2033.314
"3098",902,5,"2",13544.66
"3099",902,5,"3",11669.121
"3100",902,6,"1",556.056
"3101",902,6,"2",3360.35
"3102",902,6,"3",77.328
"3103",902,7,"1",128.286
"3104",902,7,"2",875.947
"3105",902,7,"3",24.812
"3106",911,0,"2",677.901
"3107",911,1,"1",39.519
"3108",911,1,"2",4305.198
"3109",911,1,"3",179.167
"3110",911,2,"1",161.948
"3111",911,2,"2",5697.321
"3112",911,2,"3",552.441
"3113",911,3,"1",11571.672
"3114",911,3,"2",33076.354
"3115",911,3,"3",6276.031
"3116",911,4,"1",10320.412
"3117",911,4,"2",10845.661
"3118",911,4,"3",4902.773
"3119",911,5,"1",36073.913
"3120",911,5,"2",21494.911
"3121",911,5,"3",13691.364
"3122",911,6,"1",4697.612
"3123",911,6,"2",587.246
"3124",911,6,"3",443.413
"3125",911,7,"1",254.376
"3126",911,7,"2",137.138
"3127",911,7,"3",202.4
"3128",912,0,"2",18.602
"3129",912,1,"1",107.062
"3130",912,1,"2",2519.818
"3131",912,1,"3",443.158
"3132",912,2,"1",117.741
"3133",912,2,"2",7109.571
"3134",912,2,"3",1317.72
"3135",912,3,"1",950.818
"3136",912,3,"2",36720.621
"3137",912,3,"3",7009.634
"3138",912,4,"1",1058.525
"3139",912,4,"2",17273.45
"3140",912,4,"3",3177.406
"3141",912,5,"1",1872.433
"3142",912,5,"2",27178.904
"3143",912,5,"3",7335.945
"3144",912,6,"1",421.727
"3145",912,6,"2",533.531
"3146",912,6,"3",1045.811
"3147",912,7,"1",200.488
"3148",912,7,"2",21.623
"3149",941,1,"2",101.807
"3150",941,3,"2",829.079
"3151",941,3,"3",2889.507
"3152",941,4,"1",457.252
"3153",941,4,"2",262.342
"3154",941,4,"3",2629.437
"3155",941,5,"1",2008.186
"3156",941,5,"2",1544.917
"3157",941,5,"3",7533.475
"3158",941,6,"1",1619.809
"3159",941,6,"2",468.978
"3160",941,6,"3",2300.53
"3161",941,7,"1",744.065
"3162",941,7,"2",532.313
"3163",941,7,"3",233.876
"3164",942,1,"3",48.202
"3165",942,2,"2",82.444
"3166",942,2,"3",157.497
"3167",942,3,"1",60.188
"3168",942,3,"2",332.162
"3169",942,3,"3",698.198
"3170",942,4,"3",539.154
"3171",942,5,"2",304.747
"3172",942,5,"3",995.456
"3173",942,6,"1",312.61
"3174",949,0,"1",407.704
"3175",949,0,"2",1788.495
"3176",949,0,"3",41.717
"3177",949,1,"1",2463.033
"3178",949,1,"2",4775.625
"3179",949,1,"3",677.208
"3180",949,2,"1",2505.582
"3181",949,2,"2",3362.001
"3182",949,2,"3",509.372
"3183",949,3,"1",7842.659
"3184",949,3,"2",12263.371
"3185",949,3,"3",14070.905
"3186",949,4,"1",6357.516
"3187",949,4,"2",2305.823
"3188",949,4,"3",4540.655
"3189",949,5,"1",46973.1
"3190",949,5,"2",4088.662
"3191",949,5,"3",21123.847
"3192",949,6,"1",69506.122
"3193",949,6,"2",775.428
"3194",949,6,"3",4633.035
"3195",949,7,"1",11249.171
"3196",949,7,"2",508.311
"3197",949,7,"3",324.784
"3198",951,0,"2",77.135
"3199",951,0,"3",60.822
"3200",951,1,"2",1124.398
"3201",951,1,"3",110.472
"3202",951,2,"1",104.609
"3203",951,2,"2",4948.725
"3204",951,2,"3",1513.348
"3205",951,3,"1",2193.944
"3206",951,3,"2",37438.338
"3207",951,3,"3",6082.19
"3208",951,4,"1",117.32
"3209",951,4,"2",19160.412
"3210",951,4,"3",4980.305
"3211",951,5,"1",2145.845
"3212",951,5,"2",17922.88
"3213",951,5,"3",2669.209
"3214",951,6,"1",110.137
"3215",951,6,"2",86.474
"3216",952,0,"2",475.02
"3217",952,0,"3",263.097
"3218",952,1,"2",4050.558
"3219",952,1,"3",267.964
"3220",952,2,"2",15060.277
"3221",952,2,"3",1300.854
"3222",952,3,"2",87688.288
"3223",952,3,"3",16495.017
"3224",952,4,"2",32710.75
"3225",952,4,"3",3950.089
"3226",952,5,"2",22698.394
"3227",952,5,"3",6140.692
"3228",952,6,"2",258.324
"3229",953,0,"2",174.403
"3230",953,0,"3",79.105
"3231",953,1,"2",1692.411
"3232",953,1,"3",5716.947
"3233",953,2,"2",2344.691
"3234",953,2,"3",8337.869
"3235",953,3,"2",22690.421
"3236",953,3,"3",10840.631
"3237",953,4,"2",11924.02
"3238",953,4,"3",2998.101
"3239",953,5,"2",6662.667
"3240",953,5,"3",4006.658
"3241",961,0,"2",477.591
"3242",961,0,"3",244.423
"3243",961,1,"2",12324.618
"3244",961,1,"3",829.974
"3245",961,2,"2",29146.344
"3246",961,2,"3",3267.336
"3247",961,3,"1",267.791
"3248",961,3,"2",164707.739
"3249",961,3,"3",9215.999
"3250",961,4,"2",65853.193
"3251",961,4,"3",2880.411
"3252",961,5,"1",271.614
"3253",961,5,"2",32330.398
"3254",961,5,"3",4453.711
"3255",961,6,"2",2794.079
"3256",961,6,"3",157.381
"3257",961,7,"2",760.444
"3258",969,0,"1",2382.107
"3259",969,0,"2",2604.42
"3260",969,0,"3",242.378
"3261",969,1,"1",4648.624
"3262",969,1,"2",30040.472
"3263",969,1,"3",3611.633
"3264",969,2,"1",6043.428
"3265",969,2,"2",46916.796
"3266",969,2,"3",10800.671
"3267",969,3,"1",22774.49
"3268",969,3,"2",101991.998
"3269",969,3,"3",23183.444
"3270",969,4,"1",5837.186
"3271",969,4,"2",11771.652
"3272",969,4,"3",4782.769
"3273",969,5,"1",9509.177
"3274",969,5,"2",19093.508
"3275",969,5,"3",8688.348
"3276",969,6,"1",996.386
"3277",969,6,"2",1591.286
"3278",969,6,"3",716.389
"3279",969,7,"1",32.626
"3280",969,7,"3",34.389
"3281",970,0,"2",2146.565
"3282",970,1,"2",16622.362
"3283",970,2,"2",19818.138
"3284",970,3,"2",27352.755
"3285",970,4,"2",2439.39
"3286",970,5,"1",166.772
"3287",970,5,"2",1785.758
"3288",970,6,"2",31.68
"3289",990,2,"2",108.955
"3290",990,2,"3",117.367
"3291",990,3,"1",156.813
"3292",990,3,"2",1593.909
"3293",990,3,"3",1169.314
"3294",990,4,"1",187.823
"3295",990,4,"2",769.236
"3296",990,4,"3",510.247
"3297",990,5,"1",456.341
"3298",990,5,"2",2263.894
"3299",990,5,"3",2289.418
"3300",990,6,"1",110.474
"3301",990,6,"2",589.985
"3302",990,6,"3",454.759
"3303",990,7,"3",135.222
"3304",NA,0,NA,964126.453
"3305",NA,1,NA,2100999.497
"3306",NA,2,NA,1835860.493
"3307",NA,3,NA,5971444.907
"3308",NA,4,NA,1576664.968
"3309",NA,5,NA,4277266.658
"3310",NA,6,NA,341045.994
"3311",NA,7,NA,53218.515
